,org,pro,ver,vul,id,r,no-r,A,B,C
office,0,119,0,0,0,119,298,6,19,417
365,0,12,41,0,0,53,16,1,0,68
adobe,284,0,0,0,0,284,21,5,13,301
flash,0,297,0,0,0,297,108,10,18,405
player,0,167,0,0,0,167,25,9,15,184
microsoft,580,0,0,0,0,580,269,47,93,791
windows,0,769,0,0,0,769,1919,38,121,2688
7,0,0,131,0,0,131,73,96,103,115
sp1,0,0,24,0,0,24,2,0,1,25
privilege,0,0,0,140,0,140,103,77,94,132
escalation,0,0,0,121,0,121,94,74,86,113
cve-2016-3684,0,0,0,0,2,2,0,0,0,2
sap,116,0,0,0,0,116,29,11,2,145
download,0,4,0,2,0,6,47,7,11,42
manager,0,19,0,0,0,19,96,35,44,73
2.1.142,0,0,4,0,0,4,0,0,0,4
ubuntu,0,196,0,0,0,196,93,73,289,9
remote,0,0,0,236,0,236,331,189,270,243
code,0,0,0,201,0,201,186,130,141,215
execution,0,0,0,155,0,155,145,96,113,165
redhat,41,0,0,0,0,41,4,11,3,45
jboss,0,30,0,0,0,30,0,30,2,26
enterprise,0,92,0,0,0,92,59,87,63,85
application,0,9,0,0,0,9,23,15,9,19
platform,0,14,0,0,0,14,23,21,6,27
7.0.1,0,0,11,0,0,11,1,12,0,3
splunk,0,32,0,0,0,32,27,59,0,1
6.2.3,0,0,2,0,0,2,2,4,1,0
tool,0,23,0,0,0,23,39,11,17,40
zdi-16-675,0,0,0,0,1,1,0,0,0,1
use-after-free,0,0,0,62,0,62,41,16,45,58
information,0,0,0,123,0,123,150,96,116,135
disclosure,0,0,0,89,0,89,100,68,70,101
internet,0,147,0,0,0,147,119,30,83,172
explorer,0,149,0,0,0,149,8,8,8,156
4.74,0,0,6,0,0,6,0,0,1,6
multiple,0,0,0,72,0,72,205,80,153,122
xss,0,0,0,7,0,7,70,14,27,54
missing,0,0,0,5,0,5,4,0,5,4
authorization,0,0,0,9,0,9,2,0,1,10
vulnerabilities,0,1,0,59,0,60,209,82,159,108
kangaroo,0,0,0,2,0,2,0,0,0,2
ransomware,0,0,0,13,0,13,45,11,18,40
amp,0,61,0,0,0,61,425,109,122,331
openstack,0,18,0,0,0,18,19,37,1,5
opensuse,0,104,0,0,0,104,8,112,23,1
2018:1802-1,0,0,0,0,2,2,0,2,0,0
incomplete,0,0,0,17,0,17,4,7,1,15
fix,0,0,0,17,0,17,101,9,19,94
exploit,0,0,0,83,0,83,302,142,205,186
10,0,7,235,0,0,242,733,12,49,955
cve-2018-7689,0,0,0,0,4,4,0,4,0,0
1.0,0,0,13,0,0,13,68,58,62,32
sql,0,3,0,47,0,50,1173,1132,1128,177
injection,0,0,0,89,0,89,1222,1097,1112,283
16.04,0,0,61,0,0,61,16,13,77,2
lts,0,0,152,0,0,152,29,20,181,3
linux-hwe,0,2,0,0,0,2,0,0,2,0
usn-3677-2,0,0,0,0,3,3,0,0,3,0
usn-3151-3,0,0,0,0,1,1,3,4,4,0
linux,0,668,0,0,0,668,582,1119,1160,206
kernel,0,511,0,0,0,511,60,483,492,68
9,0,0,54,0,0,54,16,3,8,63
cve-2016-9555,0,0,0,0,3,3,0,3,3,0
4.8.8,0,0,3,0,0,3,0,3,3,0
memory,0,0,0,95,0,95,36,45,39,88
handling,0,0,0,8,0,8,14,2,12,8
initialization,0,0,0,3,0,3,0,0,0,3
errors,0,0,0,4,0,4,4,0,0,8
rhsa-2018-1854:01,0,0,0,0,2,2,0,0,0,2
rhel,0,145,0,0,0,145,8,31,48,153
6,0,0,116,0,0,116,52,93,103,89
rhsa-2018:1826,0,0,0,0,1,1,0,1,1,1
red,72,0,0,0,0,72,39,93,32,107
hat,74,0,0,0,0,74,22,95,31,94
cve-2018-6670,0,0,0,0,4,4,0,0,0,4
external,0,0,0,21,0,21,16,0,6,31
entity,0,0,0,21,0,21,9,0,0,30
attack,0,0,0,24,0,24,91,14,44,72
vulnerability,0,0,0,579,0,579,1097,893,875,741
mcafee,68,11,0,0,0,79,101,17,23,180
2.0,0,0,7,0,0,7,46,28,46,8
mongodb,0,78,0,0,0,78,5,83,83,1
ransom,0,0,0,24,0,24,13,24,27,9
attacks,0,0,0,52,0,52,85,53,68,81
ms17-008,0,0,0,0,2,2,0,0,0,2
4013082,0,0,0,0,2,2,0,0,0,2
scada,0,22,0,0,0,22,22,0,2,44
freebsd,0,6,0,0,0,6,52,5,52,9
apache,9,148,0,0,0,157,44,150,108,32
denial,0,0,0,141,0,141,53,110,116,64
service,0,0,0,139,0,139,95,110,130,88
couchdb,0,22,0,0,0,22,0,22,1,0
hadoop,0,8,0,0,0,8,0,8,1,0
databases,0,20,0,0,0,20,5,24,21,2
ms13-055,0,0,0,0,3,3,0,0,0,3
14.04,0,0,56,0,0,56,8,6,64,2
17.10,0,0,15,0,0,15,0,0,15,0
usn-3685-1,0,0,0,0,3,3,0,0,3,0
virus,0,11,0,0,0,11,3,9,8,14
scan,0,11,0,0,0,11,4,8,8,15
3.x,0,0,7,0,0,7,1,7,7,1
oracle,219,0,0,0,0,219,291,510,62,42
spectre,0,0,0,37,0,37,22,25,31,18
cve-2016-10572,0,0,0,0,1,1,0,1,1,0
0.0.3,0,0,1,0,0,1,0,1,1,0
struts,0,71,0,0,0,71,2,73,73,0
exploits,0,0,0,39,0,39,188,136,164,69
defender,0,7,0,0,0,7,23,0,1,29
cve-2017-7465,0,0,0,0,1,1,0,1,0,0
eap,0,9,0,0,0,9,0,9,1,8
7.0,0,0,1,0,0,1,8,7,7,1
azure,0,41,0,0,0,41,24,16,13,54
rhsa-2018-1929:01,0,0,0,0,2,2,0,0,0,2
google,230,1,0,0,0,231,266,29,82,450
chrome,0,288,0,0,0,288,576,11,68,864
52.0.2743.116,0,0,17,0,0,17,0,0,0,17
kb,0,0,0,0,3,3,9,7,7,5
2952664,0,0,0,0,1,1,0,0,0,1
2976978,0,0,0,0,1,1,0,0,0,1
8,0,0,32,0,0,32,35,7,12,55
xxe,0,0,0,9,0,9,3,3,4,7
rhsa-2018:1879,0,0,0,0,4,4,0,1,3,4
3690-1,0,0,0,0,2,2,0,0,2,0
11,0,0,27,0,0,27,8,2,4,31
18.04,0,0,21,0,0,21,10,2,31,0
usn-3663-1,0,0,0,0,2,2,0,0,2,0
mcafee_labs,2,0,0,0,0,2,8,0,1,10
ms16-135,0,0,0,0,5,5,0,0,0,5
cisco,14,0,0,0,0,14,95,11,40,62
cve-2016-5737,0,0,0,0,2,2,0,2,0,0
java,0,85,0,0,0,85,69,154,7,154
cve-2017-5577,0,0,0,0,2,2,0,2,2,0
2,0,0,44,0,0,44,93,63,93,42
cve-2016-5725,0,0,0,0,1,1,1,0,0,2
directory,0,0,0,23,0,23,51,24,36,36
traversal,0,0,0,6,0,6,38,3,16,25
0.1.54,0,0,1,0,0,1,1,0,0,2
uac,0,0,0,12,0,12,1,0,1,12
protection,0,8,0,12,0,20,48,15,20,47
bypass,0,0,0,111,0,111,86,47,52,132
4010250,0,0,0,0,2,2,0,0,0,2
8.1,0,0,7,0,0,7,19,5,8,20
corruption,0,0,0,73,0,73,13,26,17,71
cve-2016-8740,0,0,0,0,4,4,0,4,0,0
2.4.17,0,0,3,0,0,3,0,3,0,0
2.4.23,0,0,5,0,7,12,0,12,1,0
malicious,0,0,0,6,0,6,52,13,20,32
cve-2017-5933,0,0,0,0,1,1,0,1,0,0
citrix,1,35,0,0,0,36,2,38,9,14
10.5,0,0,1,0,0,1,2,3,2,2
65.11,0,0,1,0,0,1,0,1,0,0
11.0,0,0,1,0,0,1,17,1,1,17
69.12,0,0,1,0,0,1,0,1,0,0
69.123,0,0,1,0,0,1,0,1,0,0
arbitrary,0,0,0,52,0,52,92,13,31,122
creation,0,0,0,14,0,14,1,0,1,15
lets,0,0,0,10,0,10,39,12,16,30
users,0,0,0,38,0,38,198,51,103,139
obtain,0,0,0,35,0,35,11,22,14,28
potentially,0,0,0,14,0,14,5,3,2,14
sensitive,0,0,0,19,0,19,11,6,2,24
cve-2017-0004,0,0,0,0,3,3,0,0,0,3
vista,0,11,0,0,0,11,16,0,0,27
sp2,0,0,32,0,0,32,3,0,2,33
powershell,0,9,0,0,0,9,11,0,0,20
cve-2017-5548,0,0,0,0,3,3,0,3,3,0
4.9.x,0,0,2,0,0,2,0,2,2,0
4.9.6,0,0,3,0,0,3,25,3,4,25
ms13-0,0,0,0,0,3,3,0,0,0,3
12.1.1,0,0,2,0,0,2,1,3,0,0
fedora,0,12,0,0,0,12,169,28,174,5
25,0,0,4,0,0,4,49,7,40,11
debian,0,102,0,0,0,102,30,14,132,1
dsa-4218-1,0,0,0,0,3,3,0,0,3,0
cve-2018-8247,0,0,0,0,2,2,0,0,0,2
elevation,0,0,0,7,0,7,5,0,5,7
web,0,9,1,0,0,10,145,59,92,57
apps,0,2,0,0,0,2,120,10,11,111
server,0,88,3,0,0,91,90,64,67,105
2013,0,0,21,0,0,21,5,1,5,22
16.10,0,0,29,0,0,29,12,7,41,0
usn-3156-2,0,0,0,0,2,2,1,0,2,1
v8,0,0,15,0,0,15,4,0,1,19
cve-2017-2983,0,0,0,0,2,2,0,0,0,2
shockwave,0,4,0,0,0,4,1,0,0,5
12.2.7.197,0,0,3,0,0,3,0,0,0,3
earlier,0,0,63,0,0,63,5,0,10,58
dll,0,0,0,3,0,3,8,0,6,6
hijacking,0,0,0,1,0,1,9,0,7,4
centos,0,70,0,0,0,70,20,90,90,5
cesa-2018:1224,0,0,0,0,1,1,0,1,1,0
docker,0,32,0,0,0,32,68,100,12,2
code-exec,0,0,0,1,0,1,0,1,0,0
zookeeper,0,10,0,0,0,10,1,0,11,0
lt,0,0,75,0,0,75,216,61,162,124
3.4.10,0,0,4,0,0,4,0,0,4,0
3.5.x,0,0,4,0,0,4,0,0,4,0
3.5.4,0,0,4,0,0,4,0,0,4,0
authentication,0,0,0,12,0,12,37,7,22,27
quorum,0,0,0,4,0,4,0,0,4,0
joining,0,0,0,4,0,4,0,0,4,0
cve-2017-7200,0,0,0,0,4,4,0,4,0,0
cve-2016-1253,0,0,0,0,3,3,0,0,3,0
command,0,0,0,9,0,9,32,8,30,12
chromebackdoor,0,2,0,0,0,2,1,0,2,3
17.04,0,0,4,0,0,4,3,1,7,0
2.0.,0,0,1,0,0,1,0,0,0,1
kb3212642,0,0,0,0,1,1,0,0,0,1
kb3212646,0,0,0,0,1,1,0,0,0,1
cve-2017-3442,0,0,0,0,1,1,0,1,0,0
user,0,0,0,11,0,11,165,6,15,160
account,0,0,0,6,0,6,44,3,7,41
control,0,0,0,6,0,6,73,26,32,48
dridex,0,0,0,4,0,4,3,0,3,4
trojan,0,0,0,3,0,3,16,0,1,19
variant,0,0,0,5,0,5,7,0,0,12
malware,0,0,0,13,0,13,144,16,43,114
cve-2016-9313,0,0,0,0,4,4,0,4,4,0
4.8.7,0,0,8,0,0,8,0,8,8,0
cve-2017-7261,0,0,0,0,1,1,0,1,1,0
rhsa-2017:0057,0,0,0,0,1,1,0,0,0,1
kernel3.18.1,0,0,1,0,0,1,0,1,1,0
acrobat,0,35,0,0,0,35,5,1,1,39
cve-2018-4990,0,0,0,0,3,3,0,0,0,3
reader,0,29,0,0,0,29,15,10,11,34
double-free,0,0,0,5,0,5,0,3,3,2
apple-sa-2017-01-23-6,0,0,0,0,1,1,1,0,0,2
6.1.1,0,0,1,0,0,1,3,1,1,2
cve-2017-2583,0,0,0,0,2,2,0,2,2,0
x86,0,0,44,0,0,44,5,35,36,13
4.9.,0,0,1,0,0,1,0,1,1,0
usn-3670-1,0,0,0,0,1,1,0,0,1,0
microsoftwindows,0,7,0,0,0,7,0,0,0,7
windows10,0,27,0,0,0,27,77,0,0,104
4.11,0,0,1,0,0,1,2,3,3,0
7.5,0,0,4,0,0,4,2,5,2,4
rce,0,0,0,43,0,43,26,44,47,19
dla-1404-1,0,0,0,0,2,2,0,0,2,0
cve-2016-9191,0,0,0,0,4,4,0,4,4,0
cve-2017-5986,0,0,0,0,1,1,0,1,1,0
race,0,0,0,33,0,33,3,33,34,1
condition,0,0,0,33,0,33,3,33,34,1
cve-2017-3417,0,0,0,0,1,1,0,1,0,0
2.0.11,0,0,3,0,0,3,0,3,3,0
cve-2017-5551,0,0,0,0,3,3,0,3,3,0
rhsa-2018:1779,0,0,0,0,3,3,0,1,2,3
cve-2017-6951,0,0,0,0,2,2,0,2,2,0
3.14.79,0,0,1,0,0,1,0,1,1,0
cve-2016-8645,0,0,0,0,4,4,0,4,4,0
4.8.10,0,0,5,0,0,5,0,5,5,0
67,0,0,3,0,0,3,1,0,1,4
ms16-144,0,0,0,0,3,3,0,0,0,3
3204059,0,0,0,0,3,3,0,0,0,3
x64,0,0,18,0,0,18,3,0,0,21
root,0,0,0,15,0,15,44,13,33,27
privileges,0,0,0,20,0,20,4,9,7,15
elsa-2018-1979,0,0,0,0,1,1,0,1,0,0
mysql,0,42,0,0,0,42,9,49,51,0
epolicy,0,12,0,0,0,12,0,3,4,12
orchestrator,0,12,0,0,0,12,0,3,4,12
cve-2016-7264,0,0,0,0,3,3,0,0,0,3
excel,0,57,0,0,0,57,18,0,0,75
23,0,0,2,0,0,2,16,5,16,2
software,0,22,0,0,0,22,92,33,34,78
phishing,0,0,0,26,0,26,38,1,15,49
rhsa-2017:0486,0,0,0,0,1,1,0,0,0,1
cve-2016-5218,0,0,0,0,2,2,0,0,0,2
hijack,0,0,0,3,0,3,6,1,3,5
sessions,0,0,0,1,0,1,7,5,2,3
without,0,0,0,1,0,1,36,5,11,24
credentials,0,0,0,1,0,1,15,0,4,12
1.3,0,0,5,0,0,5,20,22,21,4
siemens,1,0,0,0,0,1,1,0,1,1
cve-2016-5541,0,0,0,0,4,4,0,4,4,0
cve-2016-8630,0,0,0,0,3,3,0,3,3,0
cve-2018-7559,0,0,0,0,3,3,0,0,0,3
.net,0,7,0,0,0,7,14,2,1,21
cesa-2018:1860,0,0,0,0,2,2,0,2,2,0
word,0,29,0,0,0,29,80,6,6,109
file,0,0,0,18,0,18,171,17,36,158
overwrite,0,0,0,5,0,5,1,0,2,5
cve-2018-2424,0,0,0,0,2,2,0,0,0,2
cve-2016-5187,0,0,0,0,2,2,0,0,0,2
prior,0,0,33,0,0,33,73,14,13,100
54.0.2840.85,0,0,6,0,0,6,0,3,3,6
android,0,13,0,0,0,13,118,26,56,78
ie,0,1,0,0,0,1,3,0,0,4
silverlight,0,3,0,0,0,3,1,0,1,4
3689-2,0,0,0,0,1,1,0,0,1,0
opensuse-2016-1420,0,0,0,0,3,3,0,3,1,0
cve-2016-5590,0,0,0,0,1,1,0,1,1,0
4.6.2,0,0,2,0,0,2,0,2,2,0
buffer,0,0,0,61,0,61,83,44,93,51
overflow,0,0,0,133,0,133,105,85,148,91
cve-2015-0050,0,0,0,0,13,13,0,0,0,13
oob,0,0,0,8,0,8,0,0,0,8
read,0,0,0,18,0,18,38,10,13,39
1.1.1.7.0,0,0,1,0,0,1,0,1,0,0
opensuse-2018-546,0,0,0,0,2,2,0,2,2,0
usn-3675-1,0,0,0,0,1,1,0,0,1,0
ibm,27,0,0,0,0,27,107,49,77,62
aix,0,31,0,0,0,31,1,2,4,32
cve-2016-9919,0,0,0,0,4,4,0,4,4,0
4.8.12,0,0,9,0,0,9,0,9,9,0
usn-3136-1,0,0,0,0,2,2,0,0,2,0
mirai,0,0,0,5,0,5,25,5,14,17
botnet,0,0,0,3,0,3,25,5,8,20
ddos,0,0,0,3,0,3,23,1,11,15
24,0,0,1,0,0,1,40,9,37,3
win10,0,7,0,0,0,7,6,0,0,13
15002,0,0,1,0,0,1,0,0,0,1
ms17-020,0,0,0,0,1,1,0,0,0,1
3208223,0,0,0,0,1,1,0,0,0,1
edge,0,20,0,0,0,20,60,7,37,51
cve-2016-9775,0,0,0,0,1,1,0,1,1,0
tomcat6,0,3,0,0,0,3,0,3,3,0
6.0.45,0,0,3,0,0,3,0,3,3,0
leak,0,0,0,8,0,8,46,9,18,39
trex,0,4,0,0,0,4,0,0,0,4
vulnerability8,0,0,0,1,0,1,0,0,0,1
cve-2017-0109,0,0,0,0,1,1,0,0,0,1
rhsa-2018-1877:01,0,0,0,0,1,1,0,0,0,1
rhsa-2017:0495,0,0,0,0,1,1,0,0,0,1
win,0,6,0,0,0,6,10,8,3,8
protocol,0,0,0,1,0,1,10,3,7,2
injections,0,0,0,2,0,2,2,2,2,2
cve-2013-6627,0,0,0,0,1,1,0,0,0,1
remote-code-execution,0,0,0,2,0,2,0,2,2,0
cve,0,0,0,0,2,2,13,3,5,11
2016-6662,0,0,0,0,2,2,0,2,2,0
type,0,0,0,18,0,18,40,2,3,56
confusion,0,0,0,20,0,20,4,2,1,24
usn-3137-1,0,0,0,0,4,4,0,0,4,0
decryption,0,0,0,1,0,1,4,2,3,3
password,0,0,0,4,0,4,413,9,21,417
dsa-4225-1,0,0,0,0,2,2,0,0,2,0
openjdk-7,0,3,0,0,1,4,0,0,4,0
update,0,8,0,0,0,8,293,57,114,185
esclation,0,0,0,1,0,1,0,1,1,0
integer,0,0,0,36,0,36,2,18,20,19
56,0,0,4,0,0,4,3,0,1,7
zdi-16-620,0,0,0,0,1,1,0,0,0,1
local,0,0,0,141,0,141,96,122,140,85
kb4284874,0,0,0,0,2,2,0,0,2,2
1703,0,0,2,0,0,2,1,0,2,3
cve-2016-1922,0,0,0,0,1,1,2,0,0,3
dla-1395-1,0,0,0,0,3,3,0,0,3,0
rhba-2016:2979-1,0,0,0,0,1,1,0,1,1,1
7.2,0,0,10,0,0,10,5,5,6,10
ntp,0,23,0,0,0,23,5,3,7,21
iv92192,0,0,1,0,0,1,0,0,0,1
cve-2016-3685,0,0,0,0,1,1,0,0,0,1
powerpoint,0,3,0,0,0,3,7,0,0,10
2010,0,0,23,0,0,23,5,1,1,27
heap,0,0,0,14,0,14,10,8,15,9
linux-azure,0,4,0,0,0,4,0,0,4,0
usn-3678-2,0,0,0,0,2,2,0,0,2,0
crashdb,0,2,0,0,0,2,0,2,2,0
issue,0,0,0,3,0,3,115,24,55,67
escala,0,0,0,3,0,3,0,0,0,3
rhsa-2017:0165,0,0,0,0,2,2,0,2,0,0
openstack-cinder,0,2,0,0,0,2,0,2,0,0
rhsa-2016:2998-1,0,0,0,0,1,1,0,1,1,1
6.2,0,0,1,0,0,1,1,2,2,1
out-of-bounds,0,0,0,20,0,20,5,6,8,17
write,0,0,0,7,0,7,21,7,13,16
cve-2017-3302,0,0,0,0,3,3,0,3,3,0
5.6.21,0,0,2,0,0,2,0,2,2,0
5.7.x,0,0,2,0,0,2,0,2,2,0
5.7.5,0,0,2,0,0,2,0,2,2,0
mariadb,4,0,0,0,0,4,3,7,4,0
rhsa-2018-1883:01,0,0,0,0,2,2,0,0,0,2
firewall,0,6,0,2,0,8,7,5,3,12
dsa-4230-1,0,0,0,0,6,6,0,0,6,0
dla-1394-1,0,0,0,0,2,2,0,0,2,0
usn-3156-1,0,0,0,0,1,1,0,0,1,0
cve-2018-8246,0,0,0,0,2,2,0,0,0,2
security,0,0,0,84,35,119,1167,466,600,737
rhsa-2017:0123,0,0,0,0,1,1,0,1,0,0
docker-latest,0,1,0,0,0,1,0,1,0,0
wordpress,0,3,0,0,0,3,1390,140,175,1393
dsa-4228-1,0,0,0,0,1,1,0,0,1,0
shellcode,0,0,0,85,0,85,8,63,60,33
cve-2016-5199,0,0,0,0,2,2,0,0,0,2
one,0,0,0,1,0,1,134,23,45,78
error,0,0,0,6,0,6,58,5,17,50
54.0,0,0,2,0,0,2,0,0,0,2
cve-2017-0045,0,0,0,0,2,2,0,0,0,2
xml,0,0,0,24,0,24,11,0,2,33
bitlocker,0,12,0,0,0,12,0,0,0,12
cve-2016-5191,0,0,0,0,3,3,0,1,1,3
cortana,0,14,0,0,0,14,17,1,2,28
usn-3133-1,0,0,0,0,4,4,0,0,4,0
cve-2015-7645,0,0,0,0,4,4,0,0,0,4
cli,0,0,0,3,0,3,0,0,0,3
cve-2018-2425,0,0,0,0,5,5,0,0,0,5
9.2,0,0,3,0,0,3,1,2,0,2
9.3,0,0,3,0,0,3,2,1,3,2
ms17-021,0,0,0,0,2,2,0,0,0,2
4010318,0,0,0,0,2,2,0,0,0,2
cve-2016-6213,0,0,0,0,2,2,0,2,2,0
4.9,0,0,6,0,0,6,2,7,8,0
55,0,0,12,0,0,12,2,0,1,14
openjdk,0,5,0,0,0,5,2,4,3,3
runtime,0,2,0,0,0,2,1,3,0,2
environment,0,2,0,0,0,2,6,6,1,3
1.8.0_112-b15,0,0,2,0,0,2,0,2,0,1
bugs,0,0,0,6,0,6,18,5,6,22
27,0,0,2,0,0,2,76,9,74,5
peoplesoft,0,1,0,0,0,1,3,4,0,0
cve-2016-5217,0,0,0,0,2,2,0,1,1,2
cve-2018-8251,0,0,0,0,6,6,0,0,0,6
dla-1403-1,0,0,0,0,2,2,0,0,2,0
suse,0,80,0,0,0,80,16,96,25,7
sles12,0,42,6,0,0,48,0,48,14,4
java-1_8_0-ibm,0,1,0,0,0,1,0,1,1,1
suse-su-2018:1738-1,0,0,0,0,1,1,0,1,1,1
reverse,0,0,0,13,0,13,7,14,13,6
shell,0,0,0,16,0,16,15,13,15,17
suricata,0,4,0,0,0,4,8,0,12,0
2.0.5,0,0,2,0,0,2,2,2,4,0
cve-2018-2408,0,0,0,0,4,4,0,0,0,4
unspecified,0,0,0,28,0,28,28,27,19,37
session,0,0,0,4,0,4,12,7,7,7
fixation,0,0,0,4,0,4,3,3,3,4
1.11.2,0,0,3,0,0,3,0,3,1,0
cesa-2018:1852,0,0,0,0,2,2,0,2,2,0
usn-3683-1,0,0,0,0,3,3,0,0,3,0
blind,0,0,0,1,0,1,33,18,19,19
usn-3667-1,0,0,0,0,2,2,0,0,2,0
rhsa-2016:2972,0,0,0,0,1,1,0,1,0,1
erp,0,1,0,0,0,1,2,2,0,1
defence,0,1,0,0,0,1,0,0,0,1
vulnerabil,0,0,0,3,0,3,2,1,0,5
2018:1794-1,0,0,0,0,2,2,0,2,0,0
rhsa-2018:1854,0,0,0,0,4,4,0,0,2,4
elasticsearch,0,18,0,0,0,18,0,13,18,1
vsphere,0,7,0,0,0,7,1,8,0,0
handler,0,0,0,3,0,3,13,10,1,14
servers,0,10,0,0,0,10,14,14,17,7
rhsa-2016:2842,0,0,0,0,1,1,0,1,0,1
openshift,0,6,0,0,0,6,4,10,0,10
2.x,0,0,2,0,0,2,6,2,2,6
vulnerability4,0,0,0,2,0,2,0,1,0,1
heap-based,0,0,0,10,0,10,10,0,7,13
campaign,0,0,0,6,0,6,19,3,8,14
3.2,0,0,6,0,0,6,4,7,4,0
vmsa-2017-0004,0,0,0,0,1,1,0,1,1,0
vmware,0,10,0,0,0,10,32,17,18,14
rhba-2016:2961-1,0,0,0,0,1,1,0,1,0,1
4.10,0,0,2,0,0,2,4,5,6,0
flaw,0,0,0,12,0,12,79,11,14,78
elsa-2018-1836,0,0,0,0,2,2,0,2,1,0
script,0,0,0,5,0,5,272,264,265,20
intel,7,0,0,0,0,7,46,13,13,41
cve-2016-9083,0,0,0,0,5,5,0,5,5,0
cve-2018-5002,0,0,0,0,20,20,0,0,0,20
cve-2016-7877,0,0,0,0,2,2,0,0,0,2
23.0.0.207,0,0,25,0,0,25,0,0,0,25
11.2.202.644,0,0,17,0,0,17,0,0,0,17
usn-3146-2,0,0,0,0,4,4,0,4,4,0
cve-2017-3405,0,0,0,0,1,1,0,1,0,0
e-business,0,19,0,0,0,19,1,20,0,0
suite,0,21,0,0,0,21,28,36,13,11
insufficient,0,0,0,1,0,1,3,0,3,1
bounds,0,0,0,3,0,3,1,2,2,2
check,0,0,0,1,0,1,234,13,46,186
cluster,0,6,0,0,0,6,2,8,8,0
7.3.x,0,0,3,0,0,3,0,3,3,0
7.3.9,0,0,2,0,0,2,0,2,2,0
ctx235225,0,0,0,0,4,4,0,4,3,0
6.1.7601,0,0,4,0,0,4,1,0,2,4
nessus,0,10,0,0,0,10,512,30,522,21
dsa-4227-1,0,0,0,0,1,1,0,0,1,0
bug,0,0,0,7,0,7,87,5,36,58
24.0.0.186,0,0,8,0,0,8,0,0,0,8
cve-2016-7275,0,0,0,0,3,3,0,0,0,3
2016,0,0,23,0,0,23,94,15,54,65
4.9.8,0,0,1,0,0,1,0,1,1,0
2.6.32-rc1,0,0,6,0,0,6,0,6,6,0
x86_64,0,0,11,0,0,11,39,43,50,0
4.8.11,0,0,23,0,0,23,0,23,23,0
vawtrak,0,0,0,4,0,4,0,0,0,4
dos,0,0,0,39,0,39,20,6,22,38
cve-2016-7273,0,0,0,0,1,1,0,0,0,1
gold,0,0,2,0,0,2,5,3,3,4
1511,0,0,5,0,0,5,0,0,0,5
1607,0,0,6,0,0,6,0,0,2,6
x86-64,0,0,10,0,0,10,0,10,10,0
reboot,0,0,0,6,0,6,9,7,7,8
se,0,21,0,0,0,21,13,26,6,28
6u131,0,0,1,0,0,1,0,1,0,1
7u121,0,0,3,0,0,3,0,3,0,3
8u112,0,0,3,0,0,3,0,3,0,3
unknown,0,0,0,5,0,5,7,6,2,7
cve-2017-3253,0,0,0,0,1,1,0,1,0,1
4.4.36,0,0,1,0,0,1,0,1,1,0
rakos,0,0,0,2,0,2,0,2,2,0
brute,0,0,0,1,0,1,15,3,4,11
force,0,0,0,1,0,1,20,6,4,14
ms16-137,0,0,0,0,1,1,0,0,0,1
3199173,0,0,0,0,1,1,0,0,0,1
rhsa-2018-1949:01,0,0,0,0,2,2,0,0,0,2
6.4.x,0,0,2,0,0,2,0,2,0,0
4.8.6,0,0,6,0,0,6,0,6,6,0
53,0,0,1,0,0,1,1,1,1,1
dsa-4214-1,0,0,0,0,1,1,0,0,1,0
googlechrome,0,9,0,0,0,9,17,0,1,26
opensuse-2018-640,0,0,0,0,1,1,0,1,0,0
element,0,0,0,3,0,3,0,0,0,3
opensuse-2018-573,0,0,0,0,2,2,0,2,1,0
cve-2016-8027,0,0,0,0,2,2,0,2,2,2
5.3,0,0,8,0,0,8,1,2,2,9
rhsa-2017:0177,0,0,0,0,1,1,0,1,0,1
java-1.6.0-sun,0,2,0,0,0,2,0,2,0,2
6.x,0,0,3,0,0,3,4,1,4,2
6.2.0.567,0,0,2,0,0,2,0,0,0,2
7.0.x,0,0,3,0,0,3,0,1,0,2
7.0.1.275,0,0,2,0,0,2,0,0,0,2
cve-2016-8655,0,0,0,0,15,15,0,15,15,0
cve-2016-9311,0,0,0,0,9,9,0,0,0,9
cve-2017-2636,0,0,0,0,4,4,0,4,4,0
glassfish,0,5,0,0,0,5,4,9,3,0
cve-2016-9678,0,0,0,0,3,3,0,3,0,2
provisioning,0,13,0,0,0,13,30,14,0,43
services,0,14,0,0,0,14,30,22,20,23
7.12,0,0,9,0,0,9,0,9,0,9
cloudforms,0,4,0,0,0,4,0,3,0,4
cve-2017-2653,0,0,0,0,3,3,0,3,0,3
improper,0,0,0,1,0,1,1,0,0,2
serialized,0,0,0,1,0,1,0,0,0,1
object,0,0,0,1,0,1,26,4,7,22
cve-2016-8010,0,0,0,0,9,9,0,0,0,9
cve-2015-8986,0,0,0,0,1,1,0,0,0,1
gmail,0,2,0,0,0,2,15,7,1,16
xp,0,5,1,0,0,6,31,0,0,37
cve-2017-5897,0,0,0,0,1,1,0,1,1,0
cve-2016-1251,0,0,0,0,4,4,0,4,4,0
dbd-mysql,0,6,0,0,0,6,0,6,6,0
cve-2016-9962,0,0,0,0,2,2,0,2,0,0
1.12.6,0,0,4,0,0,4,0,4,0,0
solaris,0,4,0,0,0,4,8,9,5,1
cve-2016-9774,0,0,0,0,1,1,0,1,1,0
6.0.,0,0,1,0,0,1,0,1,1,0
3.12.68,0,0,1,0,0,1,0,1,1,0
meltdown,0,0,0,10,0,10,9,10,9,1
cve-2018-8140,0,0,0,0,3,3,0,0,0,3
input,0,0,0,3,0,3,14,4,4,13
validation,0,0,0,5,0,5,12,4,5,10
cross-site,0,0,0,5,0,5,89,6,25,70
scripting,0,0,0,22,0,22,185,31,80,128
kb4284867,0,0,0,0,2,2,0,0,2,2
2008,0,0,14,0,0,14,4,0,3,18
r2,0,0,16,0,0,16,3,0,6,17
rhsa-2017:0001,0,0,0,0,1,1,0,1,0,1
cve-2016-8646,0,0,0,0,3,3,0,3,3,0
4.3.6,0,0,4,0,0,4,0,4,4,0
zdi-17-178,0,0,0,0,1,1,0,0,0,1
cve-2016-7032,0,0,0,0,1,1,0,0,0,1
cve-2018-0880,0,0,0,0,4,4,0,0,0,4
v4,0,0,1,0,0,1,0,0,0,1
ms17-010,0,0,0,0,5,5,0,0,0,5
4013389,0,0,0,0,2,2,0,0,0,2
reads,0,0,0,2,0,2,0,1,1,1
apsb18-19,0,0,0,0,11,11,0,0,1,11
opensuse-2018-654,0,0,0,0,1,1,0,1,0,0
rhsa-2018-1948:01,0,0,0,0,1,1,0,0,0,1
cve-2016-6497,0,0,0,0,1,1,0,1,0,1
kb4284819,0,0,0,0,2,2,0,0,2,2
1709,0,0,6,0,0,6,0,0,3,6
cve-2018-8248,0,0,0,0,4,4,0,0,0,4
url,0,0,0,3,0,3,28,6,11,20
normalization,0,0,0,3,0,3,0,3,3,0
restrictions,0,0,0,2,0,2,2,0,0,4
execute,0,0,0,40,0,40,29,24,21,47
kb4284878,0,0,0,0,2,2,0,0,2,2
2012,0,0,8,0,0,8,2,1,4,9
a17-01-04,0,0,0,0,1,1,0,1,0,1
3675-3,0,0,0,0,2,2,0,0,2,0
selinux,0,3,0,0,0,3,4,7,7,1
suse-su-2018:1506-1,0,0,0,0,1,1,0,1,1,0
cross,0,0,0,18,0,18,221,27,100,142
site,0,0,0,17,0,17,357,35,137,242
elsa-2018-1854,0,0,0,0,1,1,0,1,1,0
rhsa-2018-1860:01,0,0,0,0,2,2,0,0,0,2
cve-2017-0099,0,0,0,0,1,1,0,0,0,1
dsa-4231-1,0,0,0,0,4,4,0,0,4,0
rhsa-2018:1815,0,0,0,0,1,1,0,1,1,1
cve-2016-2317,0,0,0,0,1,1,0,1,1,0
debian_linux,0,7,0,0,0,7,2,9,9,0
graphicsmagick,0,3,0,0,0,3,2,3,5,0
cve-2016-7257,0,0,0,0,2,2,0,0,0,2
drools,0,3,0,0,0,3,0,3,0,2
authenticated,0,0,0,6,0,6,16,11,7,13
traverse,0,0,0,1,0,1,0,1,0,1
cve-2017-2992,0,0,0,0,3,3,0,0,0,3
24.0.0.194,0,0,9,0,0,9,0,0,0,9
cve-2018-6667,0,0,0,0,3,3,0,0,0,3
7.8.1.,0,0,1,0,0,1,0,0,0,1
elsa-2018-1780,0,0,0,0,4,4,0,4,3,0
rhsa-2016:2947-1,0,0,0,0,1,1,0,0,0,1
dsa-4215-1,0,0,0,0,1,1,0,0,1,0
sl7.x,0,0,4,0,0,4,33,29,37,0
cve-2016-10153,0,0,0,0,4,4,0,4,4,0
amazon,2,0,0,0,0,2,48,12,38,12
alas-2016-776,0,0,0,0,1,1,0,1,1,0
cve-2018-2428,0,0,0,0,2,2,0,0,0,2
kernel-rt,0,11,0,0,0,11,0,2,3,10
rhsa-2018:1944,0,0,0,0,4,4,0,1,2,4
dla-1397-1,0,0,0,0,2,2,0,0,2,0
opensuse-2018-557,0,0,0,0,1,1,0,1,1,0
cve-2016-5206,0,0,0,0,3,3,0,0,0,3
55.0.288,0,0,1,0,0,1,0,0,0,1
dsa-4236-1,0,0,0,0,1,1,0,0,1,0
2018:1809-1,0,0,0,0,2,2,0,2,0,0
rhsa-2017:0194,0,0,0,0,1,1,0,1,1,1
rhsa-2018:1877,0,0,0,0,5,5,0,0,3,5
cve-2016-7449,0,0,0,0,1,1,0,1,0,0
kernels,0,1,0,0,0,1,0,1,1,0
4.4.34,0,0,1,0,0,1,1,2,2,0
cve-2017-0003,0,0,0,0,5,5,0,0,0,5
opensuse-2018-558,0,0,0,0,1,1,0,1,1,0
2.13.x,0,0,1,0,0,1,3,0,1,4
2.13.7,0,0,1,0,0,1,3,0,1,4
2.14.x,0,0,1,0,0,1,3,0,1,4
2.14.4,0,0,1,0,0,1,3,0,1,4
2.15.x,0,0,1,0,0,1,3,0,1,4
2.15.2,0,0,1,0,0,1,3,0,1,4
2.16.x,0,0,1,0,0,1,3,0,1,4
2.16.4,0,0,1,0,0,1,3,0,1,4
2.17.x,0,0,1,0,0,1,3,0,1,4
2.17.1,0,0,1,0,0,1,2,0,1,3
11.0.18,0,0,11,0,0,11,0,0,0,11
15.006.30244,0,0,11,0,0,11,0,0,0,11
15.020.20042,0,0,20,0,0,20,0,0,0,20
8.10.304,0,0,4,0,0,4,1,0,0,5
dsa-4216-1,0,0,0,0,2,2,0,0,2,0
cve-2018-8249,0,0,0,0,4,4,0,0,0,4
exec,0,0,0,2,0,2,3,1,1,5
cve-2016-1247,0,0,0,0,4,4,0,0,4,0
1.6.2-5,0,0,2,0,0,2,0,0,2,0
1.4.6-1ubuntu,0,0,2,0,0,2,0,0,2,0
tomcat,0,34,0,0,0,34,1,35,5,0
6.0.x,0,0,1,0,0,1,0,1,0,0
6.0.48,0,0,1,0,0,1,0,1,0,0
7.0.73,0,0,1,0,0,1,0,1,0,0
8.0.39,0,0,1,0,0,1,0,1,0,0
8.5.x,0,0,1,0,0,1,1,1,1,0
8.5.8,0,0,1,0,0,1,0,1,0,0
dsa-4234-1,0,0,0,0,3,3,0,0,3,0
dsa-4219-1,0,0,0,0,2,2,0,0,2,0
rhsa-2018:1883,0,0,0,0,4,4,0,1,3,4
opensuse-2016-1425,0,0,0,0,2,2,0,2,1,0
dla-1391-1,0,0,0,0,1,1,0,0,1,0
rhsa-2018:1927,0,0,0,0,2,2,0,0,1,2
elsa-2018-1957,0,0,0,0,2,2,0,2,1,0
cve-2016-7219,0,0,0,0,3,3,0,0,0,3
snort,0,6,0,0,0,6,18,0,24,0
3691-1,0,0,0,0,2,2,0,0,2,0
suse-su-2018:1658-1,0,0,0,0,1,1,0,1,1,0
rhsa-2018:1827,0,0,0,0,1,1,0,0,0,1
usn-3678-4,0,0,0,0,2,2,0,0,2,0
glsa-201806-02,0,0,0,0,3,3,0,0,2,3
usn-3171-1,0,0,0,0,1,1,0,0,1,0
suse-su-2016:2915-1,0,0,0,0,1,1,0,1,0,0
rhsa-2018-1820:01,0,0,0,0,1,1,0,1,0,1
cesa-2018:1877,0,0,0,0,3,3,0,3,3,0
2.6.22linux,0,1,0,0,0,1,0,1,1,0
cve-2016-9755,0,0,0,0,3,3,0,3,3,0
dsa,0,0,0,0,4,4,0,4,1,0
3738-1,0,0,0,0,1,1,0,1,0,0
tomcat7,0,4,0,0,0,4,0,4,1,0
rhba-2017:0163-1,0,0,0,0,1,1,0,1,0,0
openstack-nova,0,1,0,0,0,1,0,1,0,0
allows,0,0,0,18,0,18,52,32,35,33
2018:1770-1,0,0,0,0,1,1,0,1,0,0
rhsa-2017:0462,0,0,0,0,1,1,0,1,0,1
java-1.8.0-ibm,0,2,0,0,0,2,0,2,0,2
firefox,0,12,0,0,0,12,154,20,119,55
tomcat-based,0,5,0,0,0,5,2,7,0,0
servlet,0,6,0,0,0,6,5,10,2,2
engine,0,5,0,0,0,5,25,16,13,10
ms16-152,0,0,0,0,2,2,0,0,0,2
3199709,0,0,0,0,2,2,0,0,0,2
java-1.7.1-ibm,0,5,0,0,0,5,0,5,3,5
rhsa-2018:1974,0,0,0,0,3,3,0,3,2,3
2.1,0,0,3,0,0,3,5,3,5,3
ransack,0,0,0,1,0,1,0,1,0,0
campaigns,0,0,0,1,0,1,6,1,0,6
cve-2018-1332,0,0,0,0,6,6,0,0,6,0
storm,0,8,0,0,0,8,90,0,98,2
1.0.6,0,0,3,0,0,3,6,6,9,0
1.2.1,0,0,3,0,0,3,5,4,8,0
1.1.2,0,0,3,0,0,3,1,1,4,0
cve-2017-6001,0,0,0,0,1,1,0,1,1,0
4.9.7,0,0,1,0,0,1,0,1,1,0
dla-1392-1,0,0,0,0,1,1,0,0,1,0
4.9.9,0,0,6,0,0,6,0,6,6,0
kb4284860,0,0,0,0,2,2,0,0,2,2
cve-2017-6074,0,0,0,0,5,5,0,5,5,0
killdisk,0,0,0,1,0,1,0,1,1,0
joomla,0,3,0,0,0,3,266,261,266,3
deserialization,0,0,0,7,0,7,20,18,4,25
cve-2016-7878,0,0,0,0,2,2,0,0,0,2
dsa-4222-1,0,0,0,0,1,1,0,0,1,0
rhsa-2016:2923-1,0,0,0,0,2,2,0,2,0,0
elevate,0,0,0,5,0,5,0,0,0,5
deny,0,0,0,3,0,3,0,2,2,1
usn-3693-1,0,0,0,0,2,2,0,0,2,0
4.040,0,0,2,0,0,2,0,2,2,0
openoffice,0,1,0,0,0,1,22,0,1,23
cve-2016-9644,0,0,0,0,5,5,0,5,5,0
4.4.2,0,0,4,0,0,4,3,4,4,3
child,0,0,0,8,0,8,6,0,4,11
process,0,0,0,8,0,8,14,5,8,15
restriction,0,0,0,17,0,17,1,2,3,16
mitigation,0,0,0,8,0,8,3,1,4,9
rhsa-2018:1955,0,0,0,0,2,2,0,1,1,2
cve-2015-1328,0,0,0,0,4,4,0,4,4,0
3.19.0-21.21,0,0,2,0,0,2,0,2,2,0
ceph,0,6,0,0,0,6,1,6,2,4
cve-2016-8626,0,0,0,0,3,3,0,3,0,3
cve-2017-2929,0,0,0,0,2,2,0,0,0,2
15.1.0.3,0,0,1,0,0,1,0,0,0,1
cesa-2017:0183,0,0,0,0,1,1,0,1,1,0
glsa-201703-01,0,0,0,0,1,1,0,0,0,1
usn-3199-2,0,0,0,0,1,1,0,0,1,0
linux-aws,0,4,0,0,0,4,0,0,4,0
usn-3676-1,0,0,0,0,2,2,0,0,2,0
2.6.32-642,0,0,11,0,0,11,0,11,11,0
3.16.0-4,0,0,11,0,0,11,0,11,11,0
4.5,0,0,2,0,0,2,1,3,3,0
virusscan,0,10,0,0,0,10,2,7,9,10
8.8,0,0,2,0,0,2,0,0,2,2
cve-2016-8741,0,0,0,0,1,1,0,1,1,1
leakage,0,0,0,1,0,1,2,1,1,3
cesa-2018:1883,0,0,0,0,2,2,0,2,2,0
rhsa-2017:0838,0,0,0,0,1,1,0,0,0,1
office365,0,2,0,0,0,2,9,0,0,11
3.0.2,0,0,1,0,0,1,1,2,2,0
sled12,0,31,3,0,0,34,0,34,9,2
suse-su-2018:1507-1,0,0,0,0,1,1,0,1,1,0
ms16-136,0,0,0,0,2,2,0,2,2,0
3199641,0,0,0,0,2,2,0,2,2,0
cve-2017-2999,0,0,0,0,2,2,0,0,0,2
24.0.0.221,0,0,6,0,0,6,0,0,0,6
vulnerabili,0,0,0,4,0,4,7,5,6,5
cve-2016-10126,0,0,0,0,3,3,0,3,0,0
dla-1390-1,0,0,0,0,2,2,0,0,2,0
ntpd,0,10,0,0,0,10,2,10,12,0
4.2.8,0,0,10,0,0,10,1,10,11,0
derive_nonce,0,0,0,10,0,10,0,10,10,0
stack,0,0,0,15,0,15,36,25,45,6
cve-2017-2991,0,0,0,0,1,1,0,0,0,1
elsa-2018-1777,0,0,0,0,3,3,0,3,2,0
usn-3239-3,0,0,0,0,2,2,1,0,3,0
2018:1807-1,0,0,0,0,2,2,0,2,0,0
4.4.22,0,0,4,0,0,4,0,4,4,0
dsa-4224-1,0,0,0,0,1,1,0,0,1,0
gnupg,0,0,0,0,1,1,8,1,7,2
plugin,0,1,0,0,0,1,467,44,173,341
cve-2014-3577,0,0,0,0,2,2,0,2,0,0
ssl,0,0,0,2,0,2,10,2,5,5
dsa-4221-1,0,0,0,0,2,2,0,0,2,0
hana,0,7,0,0,0,7,3,0,0,10
sandbox,0,1,0,3,0,4,4,1,3,5
bypassing,0,0,0,1,0,1,2,1,2,1
aslr,0,1,0,0,0,1,4,3,1,5
suse-su-2018:1778-1,0,0,0,0,1,1,0,1,0,0
kb4284835,0,0,0,0,2,2,0,0,2,2
1803,0,0,3,0,0,3,2,0,2,5
usn-3151-4,0,0,0,0,1,1,2,3,3,0
raspberry,0,2,0,0,0,2,12,10,10,5
pi,0,2,0,0,0,2,15,11,11,6
privileg,0,0,0,2,0,2,0,1,1,1
dsa-4217-1,0,0,0,0,1,1,0,0,1,0
opensuse-2018-629,0,0,0,0,2,2,0,2,1,0
cve-2017-3001,0,0,0,0,1,1,0,0,0,1
cesa-2018:1879,0,0,0,0,1,1,0,1,1,0
elsa-2018-4126,0,0,0,0,1,1,0,1,1,0
cesa-2018:1927,0,0,0,0,2,2,0,2,2,0
rhsa-2017:0254,0,0,0,0,3,3,0,1,1,3
kb3205394,0,0,0,0,1,1,0,0,0,1
2.6.18,0,0,6,0,0,6,1,6,7,0
4.4.1,0,0,1,0,0,1,0,1,1,0
rhsa-2018:1860,0,0,0,0,3,3,0,2,2,3
cve-2018-0824,0,0,0,0,5,5,0,0,0,5
ms17-0,0,0,0,0,1,1,0,0,0,1
usn-3135-2,0,0,0,0,1,1,0,0,1,0
4.4,0,0,3,0,0,3,8,5,5,6
rhsa-2017:0003,0,0,0,0,1,1,0,0,0,1
cesa-2018:1929,0,0,0,0,2,2,0,2,2,0
rhsa-2018:1812,0,0,0,0,2,2,0,2,1,2
cve-2017-3000,0,0,0,0,3,3,0,0,0,3
dsa-4223-1,0,0,0,0,1,1,0,0,1,0
52.0.2743.82,0,0,5,0,0,5,0,0,0,5
apsb16-39,0,0,0,0,1,1,0,0,0,1
use,0,0,0,34,0,34,173,32,67,134
free,0,0,0,34,0,34,100,37,52,74
cve-2016-10088,0,0,0,0,3,3,0,3,3,0
properly,0,0,0,2,0,2,18,4,3,18
restrict,0,0,0,2,0,2,3,2,2,3
operations,0,0,0,2,0,2,11,6,6,7
cesa-2018:1779,0,0,0,0,2,2,0,2,2,0
erpscan-16-041,0,0,0,0,2,2,0,0,0,2
netweaver,0,17,0,0,0,17,0,9,1,17
rhsa-2018:1777,0,0,0,0,2,2,0,1,2,2
suse-su-2018:1505-1,0,0,0,0,1,1,0,1,1,0
vm,0,5,0,0,0,5,7,10,2,2
virtualbox,0,5,0,0,0,5,4,9,2,0
5.0.x,0,0,1,0,0,1,1,2,1,0
5.0.32,0,0,2,0,0,2,2,4,1,0
5.1.x,0,0,1,0,0,1,1,2,1,0
5.1.14,0,0,2,0,0,2,2,4,1,0
193.107.145.20,0,0,1,0,0,1,0,1,1,0
cve-2018-8008,0,0,0,0,2,2,0,0,2,0
rhsa-2018-1927:01,0,0,0,0,2,2,0,0,0,2
cve-2016-7879,0,0,0,0,2,2,0,0,0,2
flashplayer,0,8,0,0,0,8,2,0,0,10
esnc-2041217,0,0,0,0,6,6,0,0,0,6
cve-2016-9084,0,0,0,0,5,5,0,5,5,0
googles,1,0,0,0,0,1,1,0,1,1
microsofts,2,0,0,0,0,2,0,0,2,1
cve-2016-2779,0,0,0,0,3,3,0,3,3,0
impersonation,0,0,0,5,0,5,0,0,5,0
cesa-2018:1836,0,0,0,0,1,1,0,1,1,0
suse-su-2018:1503-1,0,0,0,0,2,2,0,2,2,0
kb4284880,0,0,0,0,2,2,0,0,2,2
opensuse-2016-1339,0,0,0,0,2,2,0,2,0,0
4.5.0,0,0,1,0,0,1,2,3,3,0
cve-2016-9680,0,0,0,0,2,2,0,2,0,2
dla-725-1,0,0,0,0,2,2,0,0,2,0
side-channel,0,0,0,2,0,2,6,0,5,3
mozilla,3,0,0,0,0,3,69,7,47,26
cve-2016-8821,0,0,0,0,3,3,0,0,0,3
nvidia,32,0,0,0,0,32,4,4,5,32
opensuse-2016-1482,0,0,0,0,1,1,0,1,0,0
3.2.x,0,0,1,0,0,1,0,1,1,0
3.2.2.1075,0,0,1,0,0,1,0,1,1,0
dsa-4229-1,0,0,0,0,1,1,0,0,1,0
2018:1634-1,0,0,0,0,1,1,0,1,0,0
usn-3143-1,0,0,0,0,4,4,0,0,4,0
login,0,0,0,1,0,1,42,7,10,34
screen,0,0,0,1,0,1,20,1,4,17
cve-2017-3415,0,0,0,0,1,1,0,1,0,0
cve-2016-8825,0,0,0,0,2,2,0,0,0,2
rhsa-2017:0295,0,0,0,0,1,1,0,0,0,1
usn-3150-2,0,0,0,0,2,2,0,2,2,0
a17-01-02,0,0,0,0,1,1,0,0,0,1
dla-857-1,0,0,0,0,1,1,0,0,1,0
ios,0,2,0,0,0,2,68,0,45,30
cve-2017-0102,0,0,0,0,2,2,0,0,0,2
usn-3135-1,0,0,0,0,1,1,0,0,1,0
cve-2017-5017,0,0,0,0,1,1,0,0,0,1
2018:1767-1,0,0,0,0,2,2,0,2,0,0
cesa-2018:1777,0,0,0,0,1,1,0,1,1,0
12.2,0,0,1,0,0,1,1,2,0,2
container,0,1,0,2,0,3,16,17,3,3
3.4,0,0,8,0,0,8,8,16,8,3
usn-3686-1,0,0,0,0,1,1,0,0,1,0
kb4284846,0,0,0,0,2,2,0,0,2,2
quickstart,0,3,0,0,0,3,0,2,0,3
cloud,0,3,0,0,0,3,138,96,28,29
6.1.7600,0,0,2,0,0,2,3,0,1,5
cve-2018-8233,0,0,0,0,3,3,0,0,0,3
windows_10,0,6,0,0,0,6,0,0,0,6
windows_server_2016,0,2,0,0,0,2,0,0,0,2
opensuse-2018-559,0,0,0,0,2,2,0,2,2,0
rhsa-2018:1954,0,0,0,0,1,1,0,1,1,1
array,0,0,0,1,0,1,3,1,0,3
guest-to-host,0,0,0,2,0,2,1,3,1,0
ctx219136,0,0,0,0,1,1,0,1,0,0
rhsa-2018-1879:01,0,0,0,0,2,2,0,0,0,2
4,0,0,2,0,0,2,22,8,8,14
rhsa-2018:1967,0,0,0,0,1,1,0,0,0,1
a17-03-01,0,0,0,0,1,1,0,1,1,0
invalid,0,0,0,1,0,1,0,1,1,0
cesa-2016:2604,0,0,0,0,2,2,0,2,2,0
2018:1811-1,0,0,0,0,2,2,0,2,0,0
opensuse-2018-638,0,0,0,0,1,1,0,1,0,0
cesa-2018:1780,0,0,0,0,2,2,0,2,2,0
cve-2017-0082,0,0,0,0,1,1,0,0,0,1
cve-2017-2937,0,0,0,0,1,1,0,0,0,1
48.0.2540.0,0,0,1,0,0,1,0,0,0,1
cve-2017-3419,0,0,0,0,1,1,0,1,0,0
rhsa-2016:2824,0,0,0,0,2,2,0,0,0,2
elsa-2018-1860,0,0,0,0,1,1,0,1,1,0
cve-2018-1655,0,0,0,0,3,3,0,0,0,3
6.1,0,0,8,0,0,8,1,1,1,8
7.1,0,0,9,0,0,9,4,4,4,9
cesa-2018:1957,0,0,0,0,3,3,0,3,3,0
cve-2016-7278,0,0,0,0,3,3,0,0,0,3
usn-3169-3,0,0,0,0,1,1,1,2,2,0
locky,0,0,0,3,0,3,3,0,3,3
osiris,0,0,0,2,0,2,0,0,0,2
suse-su-2018:1562-1,0,0,0,0,4,4,0,4,3,0
2.6.x,0,0,3,0,0,3,4,3,7,0
ftp,0,0,0,8,0,8,6,10,4,10
flaws,0,0,0,7,0,7,36,1,19,37
kb4287903,0,0,0,0,2,2,0,0,1,2
rhsa-2018-1944:01,0,0,0,0,2,2,0,0,0,2
bind,0,0,0,7,0,7,4,4,3,8
apsb16-32,0,0,0,0,1,1,0,0,0,1
opensuse-2018-560,0,0,0,0,3,3,0,3,2,0
cve-2017-5669,0,0,0,0,3,3,0,3,3,0
4.9.12,0,0,1,0,0,1,0,1,1,0
cve-2017-2993,0,0,0,0,1,1,0,0,0,1
vu,0,0,0,0,4,4,9,7,8,6
535111,0,0,0,0,2,2,0,0,0,2
usn-3694-1,0,0,0,0,2,2,0,0,2,0
similar,0,0,0,9,0,9,3,3,3,8
database,0,3,0,0,0,3,28,20,14,10
12.1.0.2,0,0,1,0,0,1,0,1,0,0
tomcat8,0,3,0,0,2,5,0,5,2,0
alas-2016-778,0,0,0,0,1,1,0,1,1,0
rhsa-2018:1852,0,0,0,0,3,3,0,1,2,3
cve-2016-7873,0,0,0,0,2,2,0,0,0,2
rhsa-2018:2037,0,0,0,0,2,2,0,0,1,2
2.6.22,0,0,10,0,0,10,0,10,10,0
3.9,0,0,10,0,0,10,3,13,13,0
dirty,0,0,0,18,0,18,4,20,21,1
cow,0,0,0,18,0,18,3,20,21,0
cve-2016-1249,0,0,0,0,1,1,0,1,1,0
4.039,0,0,2,0,0,2,0,2,2,0
cve-2016-8813,0,0,0,0,1,1,0,0,0,1
dla-724-1,0,0,0,0,1,1,0,0,1,0
cisco-sa-20170310-struts2,0,0,0,0,3,3,0,3,3,0
struts2,0,4,0,0,0,4,0,4,4,0
upload,0,0,0,3,0,3,69,6,20,54
elsa-2018-4131,0,0,0,0,3,3,0,3,3,0
cve-2017-3823,0,0,0,0,1,1,0,0,0,1
1.0.7,0,0,1,0,0,1,8,6,6,3
cve-2016-7876,0,0,0,0,1,1,0,0,0,1
usn-3134-1,0,0,0,0,2,2,0,0,2,0
dsa-3730,0,0,0,0,1,1,0,0,1,0
icedove,0,0,0,0,2,2,1,0,3,0
issues,0,1,0,0,0,1,30,3,18,13
34x.x,0,0,3,0,0,3,0,0,1,3
342.00,0,0,3,0,0,3,0,0,1,3
367.x,0,0,6,0,0,6,0,0,2,6
369.73,0,0,3,0,0,3,0,0,1,3
369.71,0,0,3,0,0,3,0,0,1,3
375.x,0,0,3,0,0,3,0,0,1,3
cve-2017-0061,0,0,0,0,1,1,0,0,0,1
opensuse-2017-29,0,0,0,0,1,1,0,1,0,0
rhsa-2018:1836,0,0,0,0,1,1,0,1,1,1
usn-3691-1,0,0,0,0,3,3,0,0,3,0
cve-2017-7187,0,0,0,0,2,2,0,2,2,0
4.10.4,0,0,1,0,0,1,0,1,1,0
ctx221578,0,0,0,0,3,3,0,3,1,0
usn-3689-1,0,0,0,0,3,3,0,0,3,0
cesa-2018:1932,0,0,0,0,1,1,0,1,1,0
usn-3199-1,0,0,0,0,1,1,0,0,1,0
windows_7,0,4,0,0,0,4,0,0,0,4
windows_8.1,0,4,0,0,0,4,0,0,0,4
windows_rt_8.1,0,4,0,0,0,4,0,0,0,4
windows_server_2008,0,4,0,0,0,4,0,0,0,4
windows_serve,0,2,0,0,0,2,0,0,0,2
ms13-047,0,0,0,0,2,2,0,0,0,2
dsa-4233-1,0,0,0,0,3,3,0,0,3,0
opensuse-2016-1423,0,0,0,0,2,2,0,2,0,0
glsa-201612-21,0,0,0,0,1,1,2,3,3,0
sqlite,0,2,0,0,0,2,11,13,7,2
elsa-2018-1877,0,0,0,0,2,2,0,2,1,0
cve-2018-8239,0,0,0,0,1,1,0,0,0,1
usn-3169-4,0,0,0,0,2,2,0,2,2,0
cve-2017-5179,0,0,0,0,2,2,0,0,2,0
tenable,4,0,0,0,0,4,6,0,8,2
6.9.3,0,0,1,0,0,1,0,0,1,0
null,0,0,0,3,0,3,1,2,3,1
pointer,0,0,0,3,0,3,3,4,3,3
dereference,0,0,0,1,0,1,1,0,1,1
jboss-ec2-eap,0,1,0,0,0,1,0,1,0,1
rhsa-2017:0250,0,0,0,0,2,2,0,2,0,2
5.0,0,0,1,0,0,1,23,3,5,19
cve-2017-6088,0,0,0,0,2,2,0,2,2,0
rhsa-2017:0091,0,0,0,0,1,1,0,0,0,1
cve-2016-7279,0,0,0,0,4,4,0,0,0,4
cve-2016-8816,0,0,0,0,2,2,0,0,0,2
1.2.3,0,0,3,0,0,3,2,5,5,5
dsa-4232-1,0,0,0,0,3,3,0,0,3,0
cve-2018-11409,0,0,0,0,3,3,0,3,0,0
cve-2017-5014,0,0,0,0,1,1,0,0,0,1
56.0.2924.76,0,0,5,0,0,5,0,3,3,5
cve-2017-3414,0,0,0,0,1,1,0,1,0,0
cve-2016-8814,0,0,0,0,2,2,0,0,0,2
advisory,0,0,0,0,48,48,126,116,115,57
cve-2016-7892,0,0,0,0,2,2,0,0,0,2
cve-2016-7874,0,0,0,0,1,1,0,0,0,1
opensuse-2016-1374,0,0,0,0,1,1,0,1,0,0
7.8,0,0,1,0,0,1,0,0,0,1
cve-2017-5972,0,0,0,0,3,3,0,3,3,0
rhsa-2017:0183,0,0,0,0,1,1,0,0,0,1
rhsa-2018:1929,0,0,0,0,2,2,0,0,0,2
cve-2016-9677,0,0,0,0,2,2,0,2,0,2
ms16-124,0,0,0,0,1,1,0,0,0,1
cesa-2017:0182,0,0,0,0,1,1,0,1,1,0
cesa-2018:1223,0,0,0,0,1,1,0,1,1,0
2018:1722-1,0,0,0,0,1,1,0,1,0,0
usn-3189-1,0,0,0,0,1,1,0,1,1,0
cve-2016-7880,0,0,0,0,1,1,0,0,0,1
6.1.7,0,0,2,0,0,2,0,0,0,2
elsa-2018-1779,0,0,0,0,3,3,0,3,2,0
glsa-201806-06,0,0,0,0,2,2,0,0,1,2
cve-2016-7265,0,0,0,0,2,2,0,0,0,2
2007,0,0,16,0,0,16,0,0,0,16
sp3,0,0,17,0,0,17,16,2,16,18
opensuse-2017-230,0,0,0,0,1,1,0,1,0,0
windows_server_2012,0,1,0,0,0,1,0,0,0,1
cve-2016-7448,0,0,0,0,1,1,0,1,0,0
9.3.4,0,0,1,0,0,1,0,1,0,0
cve-2018-7688,0,0,0,0,4,4,0,4,0,0
rhsa-2018:1997,0,0,0,0,1,1,0,0,0,1
usn-3243-1,0,0,0,0,1,1,0,0,1,0
cve-2017-3440,0,0,0,0,1,1,0,1,0,0
cve-2017-0322,0,0,0,0,2,2,0,0,0,2
rhsa-2017:0059,0,0,0,0,1,1,0,1,0,1
mobile,0,4,0,0,0,4,48,15,21,31
4.2.1,0,0,1,0,0,1,0,1,0,1
3,0,0,2,0,0,2,43,21,21,17
gain,0,0,0,20,0,20,11,9,6,22
protected,0,0,0,3,0,3,6,1,0,8
glsa-201612-28,0,0,0,0,1,1,0,1,0,0
2011,0,0,7,0,0,7,1,0,0,8
cve-2016-7298,0,0,0,0,1,1,0,0,0,1
2018:1724-1,0,0,0,0,1,1,0,1,0,0
usn-3688-1,0,0,0,0,2,2,0,0,2,0
dsa-4220-1,0,0,0,0,2,2,0,0,2,0
ms13-009,0,0,0,0,4,4,0,0,0,4
3.18.7,0,0,1,0,0,1,0,1,1,0
cve-2016-7262,0,0,0,0,2,2,0,0,0,2
usn-3678-1,0,0,0,0,1,1,0,0,1,0
cve-2016-8817,0,0,0,0,1,1,0,0,0,1
cve-2016-8819,0,0,0,0,1,1,0,0,0,1
opensuse-2018-567,0,0,0,0,1,1,0,1,1,0
cve-2016-1883,0,0,0,0,2,2,0,2,2,0
eternalblue,0,0,0,1,0,1,0,0,0,1
usn-3161-4,0,0,0,0,2,2,0,2,2,0
ms16-133,0,0,0,0,1,1,0,0,0,1
3199168,0,0,0,0,1,1,0,0,0,1
rhsa-2018:1979,0,0,0,0,1,1,0,0,0,1
rhsa-2016:2999,0,0,0,0,1,1,0,1,0,1
cve-2016-8824,0,0,0,0,2,2,0,0,0,2
cve-2017-3002,0,0,0,0,1,1,0,0,0,1
windows_server,0,1,0,0,0,1,0,0,0,1
cve-2016-7871,0,0,0,0,1,1,0,0,0,1
unsafe,0,0,0,1,0,1,0,0,0,1
access,0,0,0,10,0,10,83,13,33,62
ms13-022,0,0,0,0,1,1,0,0,0,1
ms13-087,0,0,0,0,1,1,0,0,0,1
sles11,0,26,1,0,0,27,3,30,5,3
suse-su-2018:1498-1,0,0,0,0,1,1,0,1,1,0
k30971148,0,0,0,0,1,1,0,1,0,0
4.2.8p9,0,0,1,0,0,1,1,0,1,1
1.4.3,0,0,1,0,0,1,3,2,2,2
suse-su-2018:1768-1,0,0,0,0,3,3,0,3,1,0
opensuse-2017-302,0,0,0,0,1,1,0,1,0,0
cve-2016-8822,0,0,0,0,2,2,0,0,0,2
usn-3666-1,0,0,0,0,2,2,0,0,2,0
cve-2017-3443,0,0,0,0,5,5,0,5,0,0
zdi-16-676,0,0,0,0,1,1,0,0,0,1
2.0.0,0,0,9,0,0,9,3,12,3,0
cesa-2018:1854,0,0,0,0,1,1,0,1,1,0
2016-2923-01,0,0,0,0,1,1,0,1,0,1
3788-1,0,0,0,0,1,1,0,0,1,0
cve-2016-7287,0,0,0,0,1,1,1,0,0,2
opensuse-2017-89,0,0,0,0,1,1,0,1,0,0
oraclevm,0,19,0,0,0,19,6,25,8,0
ovmsa-2018-0228,0,0,0,0,2,2,0,2,2,0
ctx218775,0,0,0,0,2,2,0,2,0,0
cve-2016-7263,0,0,0,0,3,3,0,0,0,3
mac,0,22,0,0,0,22,61,11,22,72
cve-2016-7259,0,0,0,0,1,1,0,0,0,1
usn-3678-3,0,0,0,0,2,2,0,0,2,0
usn-3677-1,0,0,0,0,3,3,0,0,3,0
cve-2017-5025,0,0,0,0,2,2,0,1,1,2
11.2.202.632,0,0,2,0,0,2,0,0,0,2
cve-2016-5192,0,0,0,0,3,3,0,0,0,3
54.0.2840.59,0,0,6,0,0,6,0,2,2,6
cve-2016-1583,0,0,0,0,3,3,0,3,3,0
stack-based,0,0,0,4,0,4,3,6,4,3
5.5.51,0,0,2,0,0,2,0,2,2,0
exeution,0,0,0,2,0,2,0,2,2,0
vulnerability6,0,0,0,1,0,1,0,1,1,0
opensuse-2017-93,0,0,0,0,1,1,0,1,0,0
12.04,0,0,28,0,0,28,6,3,34,1
usn-31,0,0,0,0,2,2,0,0,2,0
usn-36,0,0,0,0,1,1,0,0,1,0
cve-2016-7295,0,0,0,0,1,1,0,0,0,1
10.1.x,0,0,1,0,0,1,0,1,0,0
10.1.20,0,0,1,0,0,1,0,1,0,0
15.04,0,0,1,0,0,1,0,1,1,0
cve-2017-2996,0,0,0,0,1,1,0,0,0,1
7.2.x,0,0,2,0,0,2,0,2,2,0
7.2.27,0,0,1,0,0,1,0,1,1,0
opensuse-2016-1415,0,0,0,0,1,1,0,1,0,0
usn-3218-1,0,0,0,0,1,1,0,1,1,0
cve-2017-2985,0,0,0,0,1,1,0,0,0,1
2018-1837-01,0,0,0,0,1,1,0,1,0,1
4.4.0,0,0,9,0,0,9,0,9,9,0
rhsa-2016:2975,0,0,0,0,1,1,0,0,1,1
suse-su-2018:1478-1,0,0,0,0,2,2,0,2,1,0
4236-1,0,0,0,0,2,2,0,0,2,0
suse-su-2016:3054-1,0,0,0,0,1,1,0,1,0,0
python,0,0,0,1,0,1,10,10,9,1
python2.7,0,2,0,0,0,2,0,0,2,0
python3.2,0,2,0,0,0,2,0,0,2,0
python3.4,0,2,0,0,0,2,0,0,2,0
python3.5,0,2,0,0,0,2,0,0,2,0
suse-su-2016:2988-1,0,0,0,0,1,1,0,1,1,0
symsa1400-sa145,0,0,0,0,29,29,0,29,29,0
cve-2016-5195,0,0,0,0,7,7,0,7,7,0
2018:1721-1,0,0,0,0,1,1,0,1,0,0
opensuse-2018-652,0,0,0,0,1,1,0,1,0,0
cve-2016-10150,0,0,0,0,3,3,0,3,3,0
3765-1,0,0,0,0,1,1,0,0,1,0
11.2.202.635,0,0,1,0,0,1,0,0,0,1
usn-3211-1,0,0,0,0,1,1,0,0,1,0
php,0,6,0,0,0,6,46,25,30,22
cve-2016-4565,0,0,0,0,3,3,0,3,3,0
cve-2017-6346,0,0,0,0,1,1,0,1,1,0
dla-1389-1,0,0,0,0,1,1,0,0,1,0
apache2,0,1,0,0,0,1,0,0,1,0
4231-1,0,0,0,0,1,1,0,0,1,0
cve-2016-7117,0,0,0,0,2,2,0,2,2,0
cve-2016-5568,0,0,0,0,1,1,0,1,0,1
2.5.x,0,0,2,0,0,2,0,2,2,0
2.5.8,0,0,1,0,0,1,0,1,1,0
java-1_8_0-openjdk,0,2,0,0,0,2,0,2,1,2
suse-su-2018:1690-1,0,0,0,0,1,1,0,1,0,1
10.0.45.2,0,0,4,0,0,4,0,0,0,4
air,0,13,0,0,0,13,7,4,5,14
1.5.3.9130,0,0,4,0,0,4,0,0,0,4
1.00.091.00.1418659308,0,0,1,0,0,1,0,0,0,1
57,0,0,1,0,0,1,1,0,0,2
cve-2016-9806,0,0,0,0,3,3,0,3,3,0
cve-2017-0021,0,0,0,0,1,1,0,0,0,1
usn-3212-1,0,0,0,0,3,3,0,0,3,0
cve-2016-7041,0,0,0,0,3,3,0,3,0,0
fusion,0,5,0,0,0,5,1,6,0,0
middleware,0,5,0,0,0,5,0,5,0,0
cve-2016-3595,0,0,0,0,1,1,0,1,0,0
12.2.6,0,0,3,0,0,3,0,3,0,0
2018-1883-01,0,0,0,0,1,1,0,1,0,1
cve-2017-3286,0,0,0,0,3,3,0,3,0,0
cve-2016-8666,0,0,0,0,2,2,0,2,2,0
sld,0,1,0,0,0,1,0,0,0,1
registration,0,1,0,0,0,1,4,2,2,2
opensuse-2018-541,0,0,0,0,2,2,0,2,1,0
opensuse-2018-648,0,0,0,0,1,1,0,1,0,0
cve-2016-5573,0,0,0,0,1,1,0,1,0,1
usn-3148-1,0,0,0,0,3,3,0,0,3,0
usn-3676-2,0,0,0,0,2,2,0,0,2,0
ms16-148,0,0,0,0,2,2,0,0,0,2
3204068,0,0,0,0,2,2,0,0,0,2
cve-2016-0266,0,0,0,0,2,2,0,0,0,2
open,0,1,0,0,0,1,107,41,46,55
vswitch,0,1,0,0,0,1,0,1,0,1
cve-2016-2074,0,0,0,0,1,1,0,1,0,1
55.0.2883.75,0,0,15,0,0,15,0,3,3,15
apsb17-07,0,0,0,0,4,4,0,0,0,4
apsb17-04,0,0,0,0,2,2,0,0,0,2
ms16-155,0,0,0,0,2,2,0,0,0,2
framework,0,3,0,0,0,3,18,7,11,10
3205640,0,0,0,0,2,2,0,0,0,2
outside,0,10,0,0,0,10,10,14,1,6
technology,0,7,0,0,0,7,32,25,7,10
8.4.0,0,0,1,0,0,1,0,1,0,0
2017-0495-01,0,0,0,0,1,1,0,1,0,1
cve-2015-8967,0,0,0,0,4,4,0,4,4,0
4.0,0,0,3,0,0,3,6,6,8,1
cve-2017-5638,0,0,0,0,7,7,0,7,7,0
dla-795-1,0,0,0,0,1,1,0,0,1,0
opensuse-2016-1342,0,0,0,0,2,2,0,2,0,0
cve-2016-2069,0,0,0,0,3,3,0,3,3,0
cve-2017-0037,0,0,0,0,2,2,0,0,0,2
ms16-145,0,0,0,0,1,1,7,0,2,7
3204062,0,0,0,0,1,1,7,0,2,7
4.1,0,0,1,0,0,1,2,0,1,2
cve-2016-5558,0,0,0,0,4,4,0,4,0,0
punycode-based,0,0,0,2,0,2,0,0,0,2
cve-2016-5214,0,0,0,0,1,1,0,0,0,1
cesa-2017:0083,0,0,0,0,3,3,0,3,3,1
suse-su-2018:1696-1,0,0,0,0,1,1,0,1,0,0
cesa-2016:2614,0,0,0,0,1,1,0,1,1,0
cve-2017-0312,0,0,0,0,1,1,0,0,0,1
file-sharing,0,0,0,1,0,1,0,0,0,1
rhsa-2018:2022,0,0,0,0,2,2,0,0,1,2
2018-1820-01,0,0,0,0,1,1,0,1,0,1
httpd,0,7,0,0,0,7,1,7,2,0
exhaustion,0,0,0,7,0,7,0,7,1,0
2016-2957-01,0,0,0,0,1,1,0,1,1,1
rhsa-2018:2038,0,0,0,0,2,2,0,0,1,2
starter,0,3,0,0,0,3,0,0,0,3
cve-2015-5307,0,0,0,0,2,2,0,2,2,0
cve-2016-8972,0,0,0,0,3,3,0,0,0,3
cve-2016-7545,0,0,0,0,1,1,2,3,3,0
cve-2016-8657,0,0,0,0,1,1,0,1,0,1
opensuse-2018-677,0,0,0,0,1,1,0,1,0,0
cve-2015-1251,0,0,0,0,3,3,0,0,0,3
memcached,0,0,0,0,1,1,8,6,8,1
a16-12-03,0,0,0,0,2,2,0,0,0,2
cve-2016-8650,0,0,0,0,5,5,0,5,5,0
deference,0,0,0,2,0,2,0,2,2,0
50.0.2661.102,0,0,1,0,0,1,0,0,0,1
cve-2018-2801,0,0,0,0,2,2,0,2,0,0
usn-3151-1,0,0,0,0,2,2,0,1,2,0
ms16-151,0,0,0,0,2,2,0,0,0,2
kernel-mode,0,2,0,0,0,2,1,0,0,3
drivers,0,2,0,0,0,2,6,1,1,7
3205651,0,0,0,0,2,2,0,0,0,2
ms17-014,0,0,0,0,1,1,0,0,0,1
4013241,0,0,0,0,1,1,0,0,0,1
5.2.x,0,0,2,0,0,2,0,2,1,2
untrusted,0,0,0,4,0,4,6,6,2,9
data,0,1,0,5,0,6,209,55,59,121
usn-3138-1,0,0,0,0,2,2,1,0,3,0
python-cryptography,0,2,0,0,0,2,1,0,3,0
375,0,0,1,0,0,1,1,0,2,1
let,0,0,0,2,0,2,344,7,41,311
usn-3161-2,0,0,0,0,1,1,0,1,1,0
usn-3220-1,0,0,0,0,1,1,0,1,1,0
cve-2017-0114,0,0,0,0,2,2,0,0,0,2
cve-2016-8745,0,0,0,0,2,2,0,2,0,0
opensuse-2016-1341,0,0,0,0,1,1,0,1,0,0
flag,0,0,0,1,0,1,2,0,1,3
cve-2016-9120,0,0,0,0,3,3,0,3,3,0
escal,0,0,0,1,0,1,0,1,1,0
chromium-browser,0,5,0,0,0,5,6,0,11,5
rhsa-2018:1825,0,0,0,0,1,1,0,0,1,1
jrockit,0,3,0,0,0,3,0,2,0,2
cve-2016-3427,0,0,0,0,1,1,0,1,0,1
rhsa-2017:0630,0,0,0,0,1,1,0,0,1,1
suse-su-2016:2902-1,0,0,0,0,1,1,0,1,0,0
zdi-17-109,0,0,0,0,1,1,0,0,0,1
suse-su-2018:1602-1,0,0,0,0,1,1,0,1,0,0
suse-su-2018:1528-1,0,0,0,0,1,1,0,1,0,0
suse-su-2017:0713-1,0,0,0,0,2,2,0,2,0,0
cve-2017-2931,0,0,0,0,1,1,0,0,0,1
apsb17-02,0,0,0,0,5,5,1,0,0,6
zdi-16-617,0,0,0,0,1,1,2,3,3,0
dell,1,0,0,0,0,1,33,13,20,14
sonicwall,0,1,0,0,0,1,15,14,16,0
universal,2,1,0,0,0,3,24,16,24,3
management,0,3,0,0,0,3,100,60,75,21
suse-su-2018:1821-1,0,0,0,0,1,1,0,1,0,0
cve-2017-6348,0,0,0,0,1,1,0,1,1,0
gentoo,0,2,0,0,0,2,47,43,49,0
201701-49,0,0,0,0,1,1,0,1,1,0
symantec,0,7,0,0,0,7,19,12,10,11
network,0,7,0,0,0,7,113,24,73,44
dsa-3789-1,0,0,0,0,1,1,0,0,1,0
suse-su-2017:0436-1,0,0,0,0,1,1,0,1,0,0
host,0,1,0,0,0,1,24,5,18,7
intrusion,0,1,0,0,0,1,7,0,6,3
prevention,0,1,0,0,0,1,26,0,9,20
8.0.0.3828,0,0,1,0,0,1,0,0,0,1
2016-2825-01,0,0,0,0,1,1,0,1,0,1
ms17-012,0,0,0,0,2,2,0,0,0,2
4013078,0,0,0,0,1,1,0,0,0,1
cve-2017-3326,0,0,0,0,2,2,0,2,0,0
cve-2010-2214,0,0,0,0,2,2,0,0,0,2
openssl,0,5,0,0,0,5,10,10,7,1
cve-2016-6480,0,0,0,0,2,2,0,2,2,0
apsb16-10,0,0,0,0,1,1,0,0,0,1
suse-su-2016:2887-1,0,0,0,0,1,1,0,1,1,1
4.6.6,0,0,6,0,0,6,0,6,6,0
usn-3673-1,0,0,0,0,2,2,0,0,2,0
cve-2016-7890,0,0,0,0,1,1,0,0,0,1
suse-su-2017:0027-1,0,0,0,0,1,1,0,1,0,0
cve-2016,0,0,0,0,1,1,0,1,1,0
suse-su-2016:3250-1,0,0,0,0,1,1,0,1,0,0
usn-3153-1,0,0,0,0,1,1,0,0,1,0
notice,0,0,0,0,3,3,5,1,4,3
usn-3176-1,0,0,0,0,2,2,0,0,2,0
suse-su-2016:2958-1,0,0,0,0,2,2,0,2,0,0
linux_kernel,0,5,0,0,0,5,0,5,5,0
rhsa-2017:0270,0,0,0,0,1,1,0,0,0,1
3816-1,0,0,0,0,1,1,0,0,1,0
ovmsa-2016-0164,0,0,0,0,2,2,0,2,0,0
suse-su-2018:1582-1,0,0,0,0,1,1,0,1,0,0
dsa-3739,0,0,0,0,2,2,0,2,0,0
3.3,0,0,9,0,0,9,4,13,4,0
ovmsa-2016-0165,0,0,0,0,2,2,0,2,0,0
usn-3233-1,0,0,0,0,1,1,0,0,1,0
ovmsa-2018-0230,0,0,0,0,1,1,0,1,0,0
6.9.2,0,0,1,0,0,1,0,0,1,0
cesa-2016:2824,0,0,0,0,1,1,0,1,1,0
cve-2017-2955,0,0,0,0,2,2,0,0,0,2
cve-2010-2213,0,0,0,0,3,3,0,0,0,3
vulnerabiliti,0,0,0,1,0,1,4,1,1,4
usn-3155-1,0,0,0,0,1,1,1,0,2,0
symsa1441-sa160,0,0,0,0,11,11,0,11,0,0
business,0,1,0,0,0,1,54,27,17,26
objects,0,1,0,0,0,1,4,3,0,5
ovmsa-2018-0225,0,0,0,0,1,1,0,1,0,0
cve-2016-5418,0,0,0,0,1,1,0,1,1,1
linux-lts-trusty,0,2,0,0,0,2,0,2,2,0
usn-3219-2,0,0,0,0,2,2,0,2,2,0
sb10237,0,0,0,0,1,1,0,0,1,1
cve-2018-2806,0,0,0,0,1,1,0,1,0,0
suse-su-2016:3271-1,0,0,0,0,1,1,0,1,0,0
1,0,0,0,1,0,1,60,18,31,24
font,0,0,0,1,0,1,2,0,0,3
processing,0,0,0,2,0,2,9,3,5,6
suse-su-2017:0437-1,0,0,0,0,2,2,0,2,1,0
tcp,0,0,0,3,0,3,6,0,5,4
cve-2016-5198,0,0,0,0,2,2,0,1,1,2
54.0.2840.90,0,0,2,0,0,2,0,1,1,2
54.0.2840.87,0,0,1,0,0,1,0,1,1,1
cve-2016-5226,0,0,0,0,2,2,0,0,0,2
opensuse-2016-1510,0,0,0,0,1,1,0,1,0,0
cesa-2016:2809,0,0,0,0,1,1,0,1,1,0
cve-2017-3289,0,0,0,0,1,1,0,1,0,1
rhsa-2018:2112,0,0,0,0,1,1,0,0,0,1
5,0,0,7,0,0,7,47,26,23,27
cesa-2016:2973,0,0,0,0,1,1,0,1,1,0
cve-2016-7268,0,0,0,0,1,1,0,0,0,1
compatibility,0,3,0,0,0,3,3,0,2,4
pack,0,3,0,0,0,3,6,0,2,7
cve-2016-7283,0,0,0,0,3,3,0,0,0,3
4.4.32,0,0,2,0,0,2,0,2,2,0
cve-2017-0125,0,0,0,0,1,1,0,0,0,1
rhsa-2018:2093,0,0,0,0,1,1,0,0,0,1
usn-3139-1,0,0,0,0,2,2,0,0,2,0
rhsa-2016:2973,0,0,0,0,1,1,0,0,0,1
3773-1,0,0,0,0,1,1,0,0,1,0
3.2.6,0,0,1,0,0,1,0,1,1,0
rhsa-2017:0193,0,0,0,0,1,1,0,1,0,1
cve-2016-5224,0,0,0,0,1,1,0,0,0,1
timing,0,0,0,1,0,1,2,0,0,3
denormalized,0,0,0,1,0,1,0,0,0,1
floating,0,0,0,1,0,1,2,0,0,3
point,0,0,0,1,0,1,13,2,3,10
arithmetic,0,0,0,1,0,1,0,0,0,1
cve-2016-7414,0,0,0,0,1,1,0,1,1,0
ltsubuntu,0,2,0,0,0,2,0,2,2,0
opensuse-2016-1376,0,0,0,0,1,1,0,1,0,0
java-1.7.0-ibm,0,1,0,0,0,1,0,1,0,1
rhsa-2017:0337,0,0,0,0,1,1,0,1,0,1
exposed,0,0,0,1,0,1,14,1,3,11
passwords,0,0,0,2,0,2,331,3,4,333
cve-2018-8225,0,0,0,0,2,2,0,0,0,2
5.555.38,0,0,2,0,0,2,0,0,0,2
cve-2016-6817,0,0,0,0,1,1,0,1,0,0
suse-su-2017:0622-1,0,0,0,0,1,1,0,1,0,0
6.4.3,0,0,9,0,0,9,0,9,0,0
server-side,0,0,0,10,0,10,1,10,1,0
request,0,0,0,10,0,10,134,14,51,84
forgery,0,0,0,10,0,10,114,11,39,78
95.4,0,0,1,0,0,1,0,0,0,1
ms16-149,0,0,0,0,2,2,0,0,0,2
3205655,0,0,0,0,2,2,0,0,0,2
suse-su-2018:1765-1,0,0,0,0,1,1,0,1,0,0
375.63,0,0,1,0,0,1,0,0,0,1
7.3.15,0,0,1,0,0,1,0,1,1,0
elsa-2017-0020,0,0,0,0,1,1,0,1,1,0
cve-2016-8405,0,0,0,0,1,1,0,1,1,0
usn-3687-1,0,0,0,0,1,1,0,0,1,0
opensuse-2017-332,0,0,0,0,1,1,0,1,0,0
2.1.0,0,0,5,0,0,5,4,9,4,0
cve-2017-12636,0,0,0,0,1,1,0,1,0,0
usn-3192-1,0,0,0,0,1,1,0,0,1,0
cve-2016-6794,0,0,0,0,5,5,0,5,0,0
opensuse-2017-279,0,0,0,0,1,1,0,1,0,0
elsa-2018-4134,0,0,0,0,1,1,0,1,0,0
lenovo,1,0,0,0,0,1,5,0,1,5
usn-3141-1,0,0,0,0,2,2,1,0,3,0
2018-1932-01,0,0,0,0,1,1,0,1,0,1
cve-2016-5211,0,0,0,0,1,1,0,0,0,1
cve-2016-10562,0,0,0,0,1,1,0,1,0,0
3.0.0,0,0,1,0,0,1,1,1,1,0
apsb16-37,0,0,0,0,1,1,0,0,0,1
suse-su-2018:1759-1,0,0,0,0,1,1,0,1,0,0
zdi-16-619,0,0,0,0,1,1,0,0,0,1
opensuse-2016-1407,0,0,0,0,1,1,0,1,0,0
escalate,0,0,0,2,0,2,2,0,0,4
cesa-2016:2605,0,0,0,0,3,3,0,3,3,0
usn-3664-2,0,0,0,0,1,1,0,0,1,0
opensuse-2016-1408,0,0,0,0,1,1,0,1,0,0
cve-2015-3188,0,0,0,0,1,1,0,0,1,0
0.10.0,0,0,1,0,0,1,0,0,1,0
ovmsa-2017-0037,0,0,0,0,1,1,0,1,1,0
rhsa-2017:0031,0,0,0,0,1,1,0,0,0,1
cve-2018-5174,0,0,0,0,2,2,0,0,0,2
cve-2016-9588,0,0,0,0,1,1,0,1,1,0
nvidia-graphics-drivers-304,0,1,0,0,0,1,2,0,3,0
nvidia-graphics-drivers-340,0,1,0,0,0,1,1,0,2,0
elsa-2017-3509,0,0,0,0,1,1,0,1,1,0
cve-2016-7425,0,0,0,0,3,3,0,3,3,0
rhsa-2018:2001,0,0,0,0,1,1,0,0,0,1
cve-2016-2854,0,0,0,0,1,1,0,1,1,0
4.4.30linux,0,1,0,0,0,1,0,1,1,0
cve-2014-6468,0,0,0,0,1,1,0,1,0,1
cve-2016-7456,0,0,0,0,2,2,0,2,0,0
suse-su-2017:0237-1,0,0,0,0,1,1,0,1,0,0
suse-su-2017:0348-1,0,0,0,0,1,1,0,1,1,0
executable,0,0,0,1,0,1,2,0,1,2
search,0,0,0,1,0,1,52,18,22,30
opensuse-2018-627,0,0,0,0,1,1,0,1,0,0
4.4.28,0,0,2,0,0,2,0,2,2,0
rhsa-2017:0257,0,0,0,0,1,1,0,0,0,1
rhsa-2018:2003,0,0,0,0,1,1,0,0,0,1
cve-2018-6672,0,0,0,0,2,2,0,0,0,2
5.3.0,0,0,4,0,0,4,1,0,0,5
5.3.3,0,0,2,0,0,2,0,0,0,2
suse-su-2017:0494-1,0,0,0,0,1,1,0,1,0,0
3.19.0-21.2,0,0,1,0,0,1,0,1,1,0
cve-2015-8966,0,0,0,0,3,3,0,3,3,0
usn-3207-2,0,0,0,0,1,1,0,1,1,0
flexcube,0,2,0,0,0,2,1,3,0,0
12.2.0,0,0,1,0,0,1,0,1,0,0
openjdk-6,0,1,0,0,0,1,0,0,1,0
usn-3154-1,0,0,0,0,2,2,0,0,2,0
elsa-2016-2819,0,0,0,0,1,1,0,1,1,0
cve-2017-7184,0,0,0,0,1,1,0,1,1,0
linux-image-,0,1,0,0,0,1,0,1,1,0
4.8.0.41.52,0,0,1,0,0,1,0,1,1,0
obt,0,0,0,1,0,1,0,1,1,0
cve-2018-6662,0,0,0,0,2,2,0,0,0,2
4.1.4,0,0,2,0,0,2,0,0,0,2
suse-su-2018:1786-1,0,0,0,0,1,1,0,1,0,0
cve-2016-8633,0,0,0,0,3,3,0,3,3,0
opensuse-2018-676,0,0,0,0,1,1,0,1,0,0
suse-su-2017:0400-1,0,0,0,0,1,1,0,1,0,0
usn-3144-1,0,0,0,0,1,1,0,1,1,0
suse-su-2018:1549-1,0,0,0,0,1,1,0,1,0,0
rhsa-2016:2872,0,0,0,0,1,1,0,0,0,1
linux-lts-xenial,0,3,0,0,0,3,0,2,3,0
rhsa-2018:2096,0,0,0,0,1,1,0,0,0,1
4.5.7,0,0,2,0,0,2,0,2,2,0
4.6,0,0,2,0,0,2,0,2,2,0
opensuse-2017-12,0,0,0,0,1,1,0,1,0,0
cve-2016-5221,0,0,0,0,1,1,0,0,0,1
usn-3174-1,0,0,0,0,1,1,0,1,1,0
usn-3226-1,0,0,0,0,2,2,0,0,2,0
poc,0,0,0,2,0,2,8,4,4,6
opensuse-2016-1421,0,0,0,0,1,1,0,1,0,0
suse-su-2016:2954-1,0,0,0,0,1,1,0,1,1,0
5.1,0,0,1,0,0,1,4,2,3,2
6.0.0.0,0,0,2,0,0,2,0,2,0,0
cve-2016-5597,0,0,0,0,3,3,0,3,0,3
3.1.0,0,0,2,0,0,2,3,4,2,2
rhsa-2017:0455,0,0,0,0,1,1,0,1,0,1
cve-2016-7255,0,0,0,0,6,6,0,0,0,6
rhsa-2018:1780,0,0,0,0,2,2,0,0,1,2
cve-2018-6148,0,0,0,0,3,3,0,0,0,3
cve-2018-6671,0,0,0,0,2,2,0,0,0,2
cve-2016-7291,0,0,0,0,2,2,0,0,0,2
java-1_7_0-ibm,0,1,0,0,0,1,0,1,0,1
suse-su-2017:0716-1,0,0,0,0,1,1,0,1,0,1
cve-2017-5007,0,0,0,0,1,1,0,1,1,1
56.0.2924.87,0,0,2,0,0,2,0,2,2,2
201,0,0,1,0,0,1,0,0,0,1
cve-2016-5223,0,0,0,0,1,1,0,0,0,1
2016-2871-01,0,0,0,0,1,1,0,1,0,1
opensuse-2016-1352,0,0,0,0,1,1,0,1,0,0
cve-2017-2941,0,0,0,0,1,1,0,0,0,1
usn-3177-1,0,0,0,0,1,1,0,1,1,0
rhsa-2018:2092,0,0,0,0,1,1,0,0,0,1
cve-2017-5008,0,0,0,0,1,1,0,1,1,1
adobeflashplayer,0,1,0,0,0,1,0,0,0,1
critical,0,0,0,1,0,1,37,2,14,24
zero-day,0,0,0,2,0,2,45,6,29,22
cve-2016-5545,0,0,0,0,1,1,0,1,0,0
5.1.8or,0,0,1,0,0,1,0,1,0,0
cve-2016-5548,0,0,0,0,1,1,0,1,0,1
cve-2016-6136,0,0,0,0,2,2,0,2,2,0
cve-2016-7266,0,0,0,0,1,1,0,0,0,1
ovmsa-2016-0166,0,0,0,0,1,1,0,1,0,0
suse-su-2018:1836-1,0,0,0,0,1,1,0,1,0,0
opensuse-2016-1451,0,0,0,0,1,1,0,1,0,0
usn-3144-2,0,0,0,0,1,1,0,1,1,0
ms17-002,0,0,0,0,2,2,0,0,0,2
3214291,0,0,0,0,3,3,0,0,0,3
apsb17-01,0,0,0,0,1,1,0,0,0,1
zdi-17-175,0,0,0,0,1,1,0,0,0,1
cve-2016-10154,0,0,0,0,2,2,0,2,2,0
suse-su-2018:1694-1,0,0,0,0,1,1,0,1,0,0
rhsa-2018:2095,0,0,0,0,1,1,0,0,0,1
dsa-3726-1,0,0,0,0,1,1,0,0,1,0
ovmsa-2018-0231,0,0,0,0,1,1,0,1,1,0
cve-2016-0785,0,0,0,0,1,1,0,1,1,0
java-1_7_1-ibm,0,2,0,0,0,2,0,2,0,2
suse-su-2017:0720-1,0,0,0,0,1,1,0,1,0,1
cve-2013-5653,0,0,0,0,2,2,0,2,2,0
usn-3149-1,0,0,0,0,1,1,0,1,1,0
cve-2017-0016,0,0,0,0,1,1,0,0,0,1
suse-su-2016:3188-1,0,0,0,0,1,1,0,1,0,0
ms17-005,0,0,0,0,1,1,0,0,0,1
libvncserver,0,0,0,0,1,1,0,0,1,0
struts-pwn,0,0,0,1,0,1,0,1,1,0
cve-2016-1880,0,0,0,0,1,1,0,1,1,0
cesa-2018:1415,0,0,0,0,1,1,0,1,1,0
hancom,1,0,0,0,0,1,2,0,0,3
2014,0,0,1,0,0,1,4,0,0,5
tivoli,0,2,0,0,0,2,10,5,7,8
storage,0,2,0,0,0,2,37,11,10,31
3.1.1.7,0,0,1,0,0,1,1,2,2,2
ovmsa-2017-0048,0,0,0,0,1,1,0,1,0,0
cve-2016-7281,0,0,0,0,3,3,0,0,0,3
elsa-2017-0276,0,0,0,0,1,1,0,1,1,0
cve-2016-9676,0,0,0,0,2,2,0,2,0,2
cesa-2018:1416,0,0,0,0,1,1,0,1,1,0
rhsa-2018-1933:01,0,0,0,0,2,2,0,0,2,2
cve-2016-6796,0,0,0,0,3,3,0,3,0,0
ovmsa-2016-0171,0,0,0,0,1,1,1,2,0,0
saplpd,0,2,0,0,0,2,0,0,0,2
7.4.0,0,0,2,0,0,2,0,0,0,2
glsa-201701-65,0,0,0,0,1,1,0,1,0,1
jre,0,7,0,0,0,7,0,4,0,7
jdk,0,4,0,0,0,4,3,4,0,5
dsa-4226-1,0,0,0,0,1,1,0,0,1,0
perl,0,0,0,0,1,1,2,0,3,0
opensuse-2016-1373,0,0,0,0,1,1,0,1,0,0
suse-su-2018:1565-1,0,0,0,0,1,1,0,1,1,0
cve-2016-7869,0,0,0,0,1,1,0,0,0,1
cve-2017-2940,0,0,0,0,1,1,0,0,0,1
2016-2822-01,0,0,0,0,1,1,0,1,0,1
dsa-3725-1,0,0,0,0,1,1,0,0,1,0
rhsa-2018:2094,0,0,0,0,1,1,0,0,0,1
opensuse-2018-672,0,0,0,0,1,1,0,1,0,0
opensuse-2016-1428,0,0,0,0,1,1,0,1,1,0
rhsa-2017:0827,0,0,0,0,1,1,0,1,0,1
cve-2016-2183,0,0,0,0,1,1,0,1,0,1
cve-2016-8684,0,0,0,0,1,1,0,1,1,0
cve-2016-6816,0,0,0,0,3,3,0,3,0,0
cesa-2017:0014,0,0,0,0,2,2,0,2,2,0
cve-2016-8742,0,0,0,0,1,1,0,1,0,0
suse-su-2018:1563-1,0,0,0,0,1,1,0,1,1,0
rhsa-2018:1949,0,0,0,0,1,1,0,0,1,1
ms17-016,0,0,0,0,1,1,0,0,0,1
4013074,0,0,0,0,1,1,0,0,0,1
usn-3172-1,0,0,0,0,1,1,0,0,1,0
unbound,0,0,0,1,0,1,1,0,1,1
cve-2016-5018,0,0,0,0,3,3,0,3,0,0
two,0,0,0,1,0,1,42,4,10,33
disclosed,0,0,0,1,0,1,5,1,2,4
cve-2018-0982,0,0,0,0,3,3,0,0,0,3
suse-su-2017:0128-1,0,0,0,0,2,2,0,2,0,0
rhsa-2017:0558,0,0,0,0,1,1,0,0,0,1
cve-2017-2949,0,0,0,0,1,1,0,0,0,1
cve-2017-3332,0,0,0,0,1,1,0,1,0,0
rhsa-2017:0180,0,0,0,0,1,1,0,1,0,1
java-1.8.0-openjdk,0,1,0,0,0,1,2,3,1,3
cve-2017-3439,0,0,0,0,2,2,0,2,0,0
one-to-one,0,4,0,0,0,4,0,4,0,0
fulfillment,0,3,0,0,0,3,0,3,0,0
cve-2016-8651,0,0,0,0,1,1,0,1,0,1
jruby,0,0,0,0,1,1,0,0,1,0
rhsa-2018:1933,0,0,0,0,2,2,0,0,2,2
55.0.2883.,0,0,1,0,0,1,0,1,1,1
firefox-esr,0,0,0,0,1,1,5,0,6,0
rhsa-2017:0259,0,0,0,0,2,2,0,0,0,2
php5,0,1,0,0,0,1,0,1,1,0
opensuse-2016-1338,0,0,0,0,1,1,0,1,1,0
cve-2017-2961,0,0,0,0,1,1,0,0,0,1
dsa-3772-1,0,0,0,0,1,1,0,0,1,0
usn-3197-1,0,0,0,0,1,1,0,0,1,0
cve-2016-8007,0,0,0,0,1,1,0,0,0,1
4.0.0,0,0,1,0,0,1,0,1,0,1
ovmsa-2017-0005,0,0,0,0,2,2,0,2,0,0
2017-0498-01,0,0,0,0,1,1,0,1,1,1
usn-3182-1,0,0,0,0,1,1,0,0,1,0
7.0.2,0,0,1,0,0,1,0,1,0,0
3.4.8,0,0,1,0,0,1,1,1,2,1
13.0.0,0,0,2,0,0,2,0,2,0,0
5.5.x,0,0,2,0,0,2,0,2,1,0
5.5.52,0,0,1,0,0,1,0,1,1,0
suse-su-2017:0702-1,0,0,0,0,1,1,0,1,0,0
glsa-201611-18,0,0,0,0,1,1,0,0,0,1
brms,0,1,0,0,0,1,0,1,0,1
bpm,0,1,0,0,0,1,0,1,0,1
cve-2016-8608,0,0,0,0,1,1,0,1,0,1
html,0,0,0,1,0,1,33,3,4,28
discoverer,0,2,0,0,0,2,0,2,0,0
11.1.1.7.0,0,0,2,0,0,2,0,2,0,0
cve-2010-2216,0,0,0,0,1,1,0,1,0,1
cve-2016-7276,0,0,0,0,2,2,0,0,0,2
7.10,0,0,2,0,0,2,1,0,1,2
vulnerability5,0,0,0,1,0,1,0,0,0,1
safari,0,2,0,0,0,2,19,1,14,7
cve-2012-6704,0,0,0,0,2,2,0,2,2,0
usn-3145-2,0,0,0,0,2,2,0,2,2,0
usn-3149-2,0,0,0,0,2,2,0,2,2,0
hwe,0,0,0,3,0,3,0,3,3,0
cve-2017-6874,0,0,0,0,1,1,0,1,1,0
4.10.2,0,0,1,0,0,1,0,1,1,0
4.6.3,0,0,1,0,0,1,0,1,1,0
product,0,1,0,0,0,1,20,9,4,11
nginx,0,1,0,0,0,1,23,15,20,14
debian-based,0,1,0,0,0,1,1,0,2,0
cve-2016-7875,0,0,0,0,2,2,0,0,0,2
exploitation,0,0,0,1,0,1,12,0,6,7
pool,0,0,0,1,0,1,0,0,0,1
ms15-056,0,0,0,0,2,2,0,2,0,2
opensuse-2017-132,0,0,0,0,1,1,0,1,1,0
x86_x64,0,0,1,0,0,1,0,1,1,0
ovmsa-2017-0006,0,0,0,0,1,1,0,1,0,0
usn-3151-2,0,0,0,0,1,1,0,1,1,0
winserver,0,2,0,0,0,2,0,0,0,2
cve-2017-5967,0,0,0,0,2,2,0,2,2,0
2017-0837-01,0,0,0,0,1,1,0,1,0,1
cve-2016-9777,0,0,0,0,1,1,0,1,1,0
escape,0,0,0,2,0,2,2,2,2,0
2018:1806-1,0,0,0,0,1,1,0,1,0,0
cve-2016-8944,0,0,0,0,1,1,0,0,0,1
cve-2016-5204,0,0,0,0,2,2,0,0,0,2
dockerscan,0,1,0,0,0,1,0,1,0,0
cve-2016-5222,0,0,0,0,1,1,0,0,0,1
vmsa-2016-0022,0,0,0,0,3,3,0,3,0,0
cve-2017-0022,0,0,0,0,3,3,0,0,0,3
2.1.1.x,0,0,1,0,0,1,0,1,0,0
2.1.1.30,0,0,1,0,0,1,0,1,0,0
3.0.1.x,0,0,1,0,0,1,0,1,0,0
3.0.1.15,0,0,1,0,0,1,0,1,0,0
3.1.2.x,0,0,1,0,0,1,0,1,0,0
3.1.2.16,0,0,1,0,0,1,0,1,0,0
ms13-037,0,0,0,0,1,1,0,0,0,1
3770-1,0,0,0,0,1,1,0,1,0,0
mariadb-10.0,1,0,0,0,0,1,0,1,0,0
avoid,0,0,0,3,0,3,7,3,1,9
firewalls,0,0,0,4,0,4,1,4,1,5
4.4.35,0,0,1,0,0,1,0,1,1,0
1.8.0,0,0,1,0,0,1,2,3,0,1
code-execution,0,0,0,2,0,2,0,2,1,1
vulnerability.,0,0,0,1,0,1,0,1,0,1
cve-2018-12321,0,0,0,0,1,1,0,1,0,1
2.6.0,0,0,2,0,0,2,3,5,3,2
suse-su-2018:1538-1,0,0,0,0,1,1,0,1,0,0
cve-2016-6829,0,0,0,0,1,1,0,1,0,0
cve-2016-8632,0,0,0,0,3,3,0,3,3,0
rhsa-2018:2113,0,0,0,0,1,1,0,0,0,1
4.3.5,0,0,1,0,0,1,3,4,4,0
opensuse-2016-1410,0,0,0,0,1,1,0,1,1,0
symsa1450,0,0,0,0,1,1,0,0,0,1
2018:1800-1,0,0,0,0,1,1,0,1,0,0
2018-1955-01,0,0,0,0,1,1,0,1,0,1
usn-3190-1,0,0,0,0,1,1,0,1,1,0
cve-2016-9562,0,0,0,0,2,2,0,2,0,2
7.4,0,0,2,0,0,2,0,2,0,2
elsa-2018-1879,0,0,0,0,1,1,0,1,0,0
cve-2018-12533,0,0,0,0,1,1,0,1,0,0
3.3.4,0,0,1,0,0,1,0,1,0,0
unauthenticated,0,0,0,1,0,1,19,5,6,13
6.0,0,0,4,0,0,4,0,4,1,0
inform,0,0,0,2,0,2,3,0,0,5
4.,0,0,1,0,0,1,0,1,1,0
opensuse-2016-1405,0,0,0,0,1,1,0,1,0,0
elsa-2016-2825,0,0,0,0,1,1,0,1,1,0
circumvent,0,0,0,1,0,1,0,1,0,1
cve-2017-0124,0,0,0,0,1,1,0,0,0,1
7.50,0,0,1,0,0,1,0,0,0,1
cve-2016-7292,0,0,0,0,1,1,0,0,0,1
bro,0,1,0,0,0,1,21,1,22,0
2.5.4,0,0,1,0,0,1,1,0,2,0
cve-2017-0029,0,0,0,0,1,1,0,0,0,1
cve-2016-8224,0,0,0,0,1,1,0,0,0,1
cve-2016-0763,0,0,0,0,1,1,0,1,0,0
r28.3.12,0,0,1,0,0,1,0,1,0,0
8.5.9,0,0,2,0,0,2,0,2,0,0
cve-2017-6460,0,0,0,0,1,1,0,1,1,1
rhsa-2018:2089,0,0,0,0,1,1,0,1,0,1
cve-2017-5880,0,0,0,0,1,1,0,1,0,0
6.5.x,0,0,1,0,0,1,0,1,0,0
6.5.2,0,0,1,0,0,1,1,1,0,1
6.4.5,0,0,1,0,0,1,1,1,0,1
6.3.x,0,0,1,0,0,1,0,1,0,0
suse-su-2016:3083-1,0,0,0,0,1,1,0,1,0,0
cve-2016-9178,0,0,0,0,3,3,0,3,3,0
cve-2016-5215,0,0,0,0,1,1,0,0,0,1
cve-2016-9312,0,0,0,0,2,2,0,0,0,2
cve-2016-9563,0,0,0,0,2,2,0,2,0,2
suse-su-2017:0247-1,0,0,0,0,1,1,0,1,0,0
cve-2017-5970,0,0,0,0,1,1,0,1,1,0
zdi-17-056,0,0,0,0,1,1,0,1,0,1
cve-2017-6543,0,0,0,0,1,1,1,0,2,0
usn-3188-1,0,0,0,0,1,1,0,0,1,0
cve-2016-6595,0,0,0,0,2,2,0,2,0,0
swarmkit,0,2,0,0,0,2,0,2,0,0
toolkit,0,2,0,0,0,2,7,7,2,5
1.12.0,0,0,2,0,0,2,0,2,0,0
rhsa-2018-1955:01,0,0,0,0,1,1,0,0,0,1
cve-2018-8210,0,0,0,0,2,2,0,0,0,2
dla-736-1,0,0,0,0,1,1,0,0,1,0
cve-2016-6786,0,0,0,0,1,1,0,1,1,0
usn-3185-1,0,0,0,0,1,1,0,0,1,0
glsa-201612-08,0,0,0,0,1,1,1,2,2,0
linuxcifs,0,2,0,0,0,2,1,3,3,0
23.0.0.162,0,0,1,0,0,1,0,1,1,1
4.10.5,0,0,1,0,0,1,0,1,1,0
opensuse-2017-222,0,0,0,0,1,1,0,1,0,0
usn-3225-1,0,0,0,0,1,1,0,0,1,0
cve-2010-5328,0,0,0,0,2,2,0,2,2,0
2.6.35,0,0,1,0,0,1,0,1,1,0
desh,2,0,0,0,0,2,1,3,3,0
cms,0,2,0,0,0,2,75,60,53,8
cve-2016-9192,0,0,0,0,1,1,1,0,0,2
cesa-2016:2615,0,0,0,0,3,3,0,3,3,0
10.1,0,0,1,0,0,1,2,3,3,2
10.2,0,0,1,0,0,1,2,1,2,1
rhsa-2017:0216,0,0,0,0,1,1,0,0,0,1
cve-2015-8970,0,0,0,0,4,4,0,4,4,0
cve-2016-5556,0,0,0,0,2,2,0,2,0,2
cve-2016-10005,0,0,0,0,2,2,0,0,0,2
solman,0,3,0,0,0,3,1,0,1,4
7.31,0,0,3,0,0,3,1,0,1,4
dla-819-1,0,0,0,0,1,1,0,1,1,0
mysql-5.5,0,2,0,0,0,2,0,2,2,0
cve-2016-6130,0,0,0,0,1,1,0,1,1,0
opensuse-2017-94,0,0,0,0,1,1,0,1,0,0
usn-3669-1,0,0,0,0,2,2,0,0,2,0
zdi-17-180,0,0,0,0,1,1,0,1,1,0
dla-779-1,0,0,0,0,1,1,0,1,1,0
rhsa-2018:2090,0,0,0,0,1,1,0,1,0,1
2018:1629-1,0,0,0,0,1,1,0,1,0,0
cve-2018,0,0,0,0,2,2,0,0,0,2
cve-2017-2971,0,0,0,0,1,1,0,0,0,1
rhsa-2017:0340,0,0,0,0,1,1,0,1,1,1
ms16-150,0,0,0,0,1,1,0,0,0,1
3205642,0,0,0,0,1,1,0,0,0,1
administrator,0,0,0,1,0,1,1,0,0,2
cve-2009-3270,0,0,0,0,2,2,0,0,0,2
denial-of-service,0,0,0,1,0,1,1,0,1,1
rhsa-2016:2996,0,0,0,0,1,1,0,1,1,1
rhsa-2016:2923,0,0,0,0,1,1,0,1,0,0
elevated,0,0,0,2,0,2,0,0,0,2
cve-2016-7867,0,0,0,0,1,1,0,0,0,1
cve-2017-5985,0,0,0,0,1,1,0,1,1,0
opensuse-2017-6,0,0,0,0,2,2,0,2,0,0
cve-2016-5765,0,0,0,0,1,1,0,0,0,1
cve-2018-1085,0,0,0,0,1,1,0,1,0,0
openshift-ansible,0,1,0,0,0,1,0,1,0,0
versions,0,0,1,0,0,1,33,6,9,23
3.9.23,0,0,1,0,0,1,0,1,0,0
3.7.46,0,0,1,0,0,1,0,1,0,0
os,0,0,0,1,0,1,57,20,29,33
macros,0,0,0,3,0,3,2,0,1,4
rhsa-2017:0184,0,0,0,0,1,1,0,1,1,0
vulnerabi,0,0,0,1,0,1,10,8,7,4
2018-1809-01,0,0,0,0,1,1,0,1,0,1
cve-2016-7458,0,0,0,0,1,1,0,1,0,0
5.5,0,0,1,0,0,1,0,1,0,0
2.0.2,0,0,2,0,0,2,1,0,1,2
cve-2014-9841,0,0,0,0,1,1,0,1,1,0
suse_linux_enterprise_desktop,0,1,0,0,0,1,0,1,1,0
suse_linux_enterprise_server,0,1,0,0,0,1,0,1,1,0
setting,0,0,0,2,0,2,3,0,3,4
headers,0,0,0,2,0,2,0,0,2,2
via,0,0,0,2,0,2,105,51,22,57
crlf,0,0,0,2,0,2,0,0,2,2
4.3,0,0,4,0,0,4,2,6,4,0
2.3.5,0,0,1,0,0,1,0,1,1,0
2.3.31,0,0,1,0,0,1,0,1,1,0
2.5.10.1,0,0,1,0,0,1,0,1,1,0
cve-2018-2628,0,0,0,0,1,1,0,1,0,0
sb10227,0,0,0,0,2,2,0,0,1,2
weak,0,0,0,1,0,1,40,1,3,39
guessable,0,0,0,1,0,1,0,1,1,1
hardcoded,0,0,0,1,0,1,4,0,0,5
encryption,0,0,0,1,0,1,51,1,10,45
key,0,0,0,1,0,1,34,7,8,22
ms16-nov,0,0,0,0,2,2,0,0,0,2
1.1,0,0,2,0,0,2,45,43,43,6
3.18.1,0,0,1,0,0,1,0,1,1,0
cve-2018-12532,0,0,0,0,1,1,0,1,0,0
4.5.3,0,0,1,0,0,1,3,1,1,2
4.5.17,0,0,1,0,0,1,0,1,0,0
834067,0,0,0,0,1,1,0,1,1,0
834067apache,0,0,0,0,1,1,0,1,1,0
openstackers,0,1,0,0,0,1,0,1,1,0
backdoor,0,0,0,2,0,2,79,4,5,78
cve-2016-5197,0,0,0,0,1,1,0,0,0,1
cve-2016-5711,0,0,0,0,1,1,0,1,0,0
6.2.1,0,0,1,0,0,1,0,1,0,0
spectrev4,0,0,0,2,0,2,0,0,0,2
4.9.11,0,0,2,0,0,2,0,2,2,0
informati,0,0,0,1,0,1,0,1,0,1
cve-2018-8219,0,0,0,0,1,1,0,0,0,1
cisco-sa-20161221-cco,0,0,0,0,2,2,0,2,0,0
4.9.5,0,0,2,0,0,2,0,2,2,0
2.9.3,0,0,2,0,0,2,0,2,0,0
sharepoint,0,1,0,0,0,1,1,0,1,1
7.2.20,0,0,1,0,0,1,0,1,1,0
cve-2016-2950,0,0,0,0,1,1,13,14,14,0
2018-1780-01,0,0,0,0,1,1,0,1,0,1
cve-2016-8747,0,0,0,0,1,1,0,1,0,0
8.5.7,0,0,1,0,0,1,0,1,0,0
9.0.0.m11,0,0,1,0,0,1,0,1,0,0
9.0.,0,0,1,0,0,1,0,1,0,0
cve-2018-5169,0,0,0,0,1,1,0,0,0,1
chrome:,0,1,0,0,0,1,52,0,1,53
cve-2016-7284,0,0,0,0,2,2,0,0,0,2
4.7.5,0,0,2,0,0,2,0,2,2,0
6.1.x,0,0,1,0,0,1,0,1,0,0
opensuse-2018-597,0,0,0,0,1,1,0,1,0,0
cve-2017-0318,0,0,0,0,1,1,0,1,1,0
msoffice365,0,1,0,0,0,1,0,0,0,1
ctx219378,0,0,0,0,1,1,0,1,0,0
identity,0,2,0,0,0,2,20,2,15,7
cve-2018-2416,0,0,0,0,1,1,0,0,0,1
kernel3.18.0,0,1,0,0,0,1,0,1,1,0
rhsa-2016:2820,0,0,0,0,1,1,0,0,0,1
cve-2016-7258,0,0,0,0,1,1,0,0,0,1
cve-2016-8627,0,0,0,0,1,1,0,1,0,1
5.4.1.0,0,0,1,0,0,1,0,1,0,0
rhsa-2018:1965,0,0,0,0,1,1,0,0,0,1
cve-2016-3044,0,0,0,0,1,1,1,2,2,0
2.1.1.3-65.10,0,0,1,0,0,1,0,1,1,0
3.1,0,0,1,0,0,1,16,15,16,0
3.1.0.2,0,0,1,0,0,1,0,1,1,0
cve-2017-6353,0,0,0,0,1,1,0,1,1,0
4.10.1,0,0,1,0,0,1,0,1,1,0
workstation,0,1,0,0,0,1,5,2,5,1
12.x,0,0,1,0,0,1,6,5,7,0
12.5.4,0,0,1,0,0,1,2,2,3,0
vmsa-2017-0005,0,0,0,0,1,1,1,2,2,0
31.0.1650.48,0,0,2,0,0,2,0,0,0,2
cve-2017-2950,0,0,0,0,1,1,0,0,0,1
cve-2016-8683,0,0,0,0,1,1,0,1,1,0
2.7.4,0,0,1,0,0,1,5,6,6,0
cve-2016-5196,0,0,0,0,2,2,0,0,0,2
win7,0,1,0,0,0,1,2,0,0,3
k50116122,0,0,0,0,1,1,0,1,0,0
2:docker,0,1,0,0,0,1,0,1,1,0
cve-2018-12320,0,0,0,0,1,1,0,1,0,1
kb3201845,0,0,0,0,1,1,0,0,0,1
cve-2016-8020,0,0,0,0,1,1,0,1,1,1
leaking,0,0,0,1,0,1,8,2,4,4
3.2.12,0,0,1,0,0,1,0,0,1,0
rhsa-2018:2097,0,0,0,0,1,1,0,0,0,1
uniscribe,0,0,0,1,0,1,3,0,1,3
cve-2017-0087,0,0,0,0,1,1,0,0,0,1
29.0.0.171,0,0,2,0,0,2,0,0,1,2
cve-2016-8820,0,0,0,0,1,1,0,0,0,1
cve-2018-2800,0,0,0,0,1,1,0,1,0,1
cve-2017-3421,0,0,0,0,1,1,0,1,0,0
rhsa-2018-1932:01,0,0,0,0,1,1,0,0,0,1
1.19,0,0,1,0,0,1,0,1,1,0
13.0.1,0,0,1,0,0,1,0,1,1,0
suse-su-2016:2964-1,0,0,0,0,1,1,0,1,0,0
56.0.29,0,0,1,0,0,1,0,0,0,1
suse-su-2017:0607-3,0,0,0,0,1,1,0,1,0,0
usn-3169-1,0,0,0,0,1,1,0,0,1,0
vios,0,4,0,0,0,4,0,0,0,4
2.2.3ibm,0,0,2,0,0,2,0,0,0,2
2.2.1,0,0,2,0,0,2,6,0,1,7
cesa-2018-1852,0,0,0,0,1,1,0,1,1,0
7.4.x,0,0,1,0,0,1,0,1,1,0
7.4.13,0,0,1,0,0,1,0,1,1,0
cve-2016-7042,0,0,0,0,3,3,0,3,3,0
cve-2016-5985,0,0,0,0,1,1,0,0,0,1
3.5,0,0,1,0,0,1,14,10,15,0
cve-2017-3231,0,0,0,0,1,1,0,0,0,1
cve-2016-5542,0,0,0,0,1,1,0,1,0,1
15.04ubun,0,0,1,0,0,1,0,1,1,0
dsa-3739-1,0,0,0,0,1,1,0,1,1,0
opensuse-2016-1413,0,0,0,0,1,1,0,1,0,0
2.0.3,0,0,1,0,0,1,2,3,3,1
cve-2016-5203,0,0,0,0,2,2,0,0,0,2
10.2.0.5,0,0,1,0,0,1,0,1,0,0
java-1_6_0-ibm,0,1,0,0,0,1,0,1,0,1
suse-su-2016:3040-1,0,0,0,0,1,1,0,1,0,1
cve-2017-0060,0,0,0,0,1,1,0,0,0,1
cve-2016-3104,0,0,0,0,1,1,0,1,1,0
dns,0,1,0,0,0,1,19,6,3,15
7.29,0,0,1,0,0,1,0,0,0,1
suse-su-2016:2872-1,0,0,0,0,2,2,0,2,0,0
shellshock,0,0,0,2,0,2,0,2,0,0
rhsa-2016:2871,0,0,0,0,1,1,0,0,0,1
prosody,0,0,0,0,1,1,1,0,2,0
2.3,0,0,1,0,0,1,2,2,2,1
cesa-2016:2606,0,0,0,0,1,1,1,2,2,0
cve-2016-7872,0,0,0,0,1,1,0,0,0,1
cve-2017-0127,0,0,0,0,1,1,0,0,0,1
elsa-2017-0286,0,0,0,0,1,1,1,2,2,0
suse-su-2018:1479-1,0,0,0,0,1,1,0,1,0,0
java-1_7_0-openjdk,0,1,0,0,0,1,0,1,0,1
opensuse-2016-1357,0,0,0,0,1,1,0,1,0,1
opensuse-2017-67,0,0,0,0,1,1,0,1,0,0
cve-2016-5554,0,0,0,0,2,2,0,2,0,2
ovmsa-2017-0034,0,0,0,0,1,1,0,1,0,0
cve-2016-4443,0,0,0,0,1,1,0,1,0,1
virtualization,0,1,0,0,0,1,3,3,2,2
suse-su-2017:0242-1,0,0,0,0,1,1,0,1,0,0
cve-2017-0111,0,0,0,0,1,1,0,0,0,1
3787-1,0,0,0,0,1,1,0,1,0,0
linux-snapdragon,0,1,0,0,0,1,2,3,3,0
java-1.6.0-ibm,0,1,0,0,0,1,0,1,0,1
rhsa-2017:0338,0,0,0,0,1,1,0,1,0,1
rhsa-2018:2060,0,0,0,0,1,1,0,0,0,1
cve-2017-2972,0,0,0,0,1,1,0,0,0,1
dsa-3755,0,0,0,0,1,1,0,1,0,0
cve-2017-0076,0,0,0,0,1,1,0,0,0,1
usn-3213-1,0,0,0,0,1,1,0,0,1,0
rhsa-2017:0171,0,0,0,0,1,1,0,1,0,1
cve-2016-0164,0,0,0,0,1,1,0,0,0,1
cve-2016-5549,0,0,0,0,3,3,0,2,0,3
cve-2017-0108,0,0,0,0,1,1,0,0,0,1
cve-2017-0014,0,0,0,0,1,1,0,0,0,1
cve-2016-9585,0,0,0,0,1,1,0,1,0,1
4.2.3linux,0,1,0,0,0,1,0,1,1,0
cve-2017-2951,0,0,0,0,1,1,0,0,0,1
cve-2010-2215,0,0,0,0,1,1,0,0,0,1
clickjacking,0,0,0,1,0,1,2,0,2,1
rhsa-2018-1957:01,0,0,0,0,1,1,0,0,0,1
cve-2016-10196,0,0,0,0,1,1,0,1,1,0
libevent,0,1,0,0,0,1,0,1,1,0
4.9.10,0,0,1,0,0,1,0,1,1,0
suse-su-2016:2911-1,0,0,0,0,1,1,0,1,0,0
zdi-16-625,0,0,0,0,1,1,0,0,0,1
cve-2017-2933,0,0,0,0,1,1,0,0,0,1
zdi-17-185,0,0,0,0,1,1,0,1,1,0
4.7,0,0,4,0,0,4,8,7,7,5
vulnerability28,0,0,0,1,0,1,0,1,1,0
zdi-17-057,0,0,0,0,1,1,0,1,0,1
uninitialized,0,0,0,1,0,1,2,3,0,3
cesa-2016:2820,0,0,0,0,2,2,0,2,2,0
rhsa-2016:2928,0,0,0,0,1,1,0,1,0,0
rhsa-2018:1957,0,0,0,0,1,1,0,0,0,1
suse-su-2016:3041-1,0,0,0,0,1,1,0,1,0,1
cve-2016-6756,0,0,0,0,1,1,0,1,1,0
ovmsa-2017-0042,0,0,0,0,1,1,0,1,0,0
cve-2016-9811,0,0,0,0,1,1,0,0,0,1
opensuse-2016-1406,0,0,0,0,1,1,0,1,0,0
glsa-201701-17,0,0,0,0,1,1,0,0,0,1
cve-2016-9592,0,0,0,0,1,1,0,1,0,1
cve-2016-7416,0,0,0,0,1,1,0,1,1,0
spoofing,0,0,0,2,0,2,9,0,5,6
vulnerability16,0,0,0,1,0,1,0,0,0,1
opensuse-2018-589,0,0,0,0,1,1,0,1,0,0
java-1.7.0-openjdk,0,1,0,0,0,1,2,3,2,3
cesa-2017:0269,0,0,0,0,1,1,0,1,1,1
cve-2014-9914,0,0,0,0,1,1,0,1,1,0
http,0,2,0,0,0,2,25,6,18,7
opensuse-2017-339,0,0,0,0,1,1,0,1,0,0
15.006.30201,0,0,1,0,0,1,1,0,0,2
usn-3217-1,0,0,0,0,1,1,0,0,1,0
cve-2017-3241,0,0,0,0,3,3,0,2,0,3
rhsa-2018:2071,0,0,0,0,2,2,0,0,1,2
cve-2016-5209,0,0,0,0,1,1,0,0,0,1
bitmap,0,0,0,1,0,1,0,0,0,1
manipulation,0,0,0,1,0,1,1,1,0,1
suse-su-2017:0695-1,0,0,0,0,1,1,0,1,0,0
4.6.4,0,0,1,0,0,1,1,2,2,0
usn-3142-1,0,0,0,0,1,1,0,0,1,0
cve-2016-5193,0,0,0,0,1,1,0,0,0,1
cve-2017-5546,0,0,0,0,1,1,0,1,1,0
4.8.x,0,0,1,0,0,1,2,1,3,0
egg-hunter,0,0,0,2,0,2,0,2,2,0
6.2o,0,0,1,0,0,1,0,1,1,0
suse-su-2018:1762-1,0,0,0,0,1,1,0,1,0,0
rhsa-2017:0484,0,0,0,0,1,1,0,0,0,1
suse-su-2018:1661-1,0,0,0,0,1,1,0,1,0,0
cve-2017-2948,0,0,0,0,1,1,0,0,0,1
cve-2016-7418,0,0,0,0,1,1,0,1,1,0
cesa-2018:1318,0,0,0,0,1,1,0,1,1,0
suse-su-2016:3001-1,0,0,0,0,1,1,0,1,0,0
cve-2014-6519,0,0,0,0,1,1,0,1,0,1
cve-2016-8815,0,0,0,0,1,1,0,0,0,1
defense,0,1,0,0,0,1,10,3,4,7
rhsa-2017:0725,0,0,0,0,1,1,0,0,0,1
cve-2017-0086,0,0,0,0,1,1,0,0,0,1
suse-su-2018:1566-1,0,0,0,0,1,1,0,1,0,0
usn-3166-1,0,0,0,0,1,1,0,0,1,0
cve-2018-2768,0,0,0,0,1,1,0,1,0,0
cesa-2018:1200,0,0,0,0,1,1,0,1,1,0
usn-3203-1,0,0,0,0,1,1,0,0,1,0
usn-3147-1,0,0,0,0,1,1,0,0,1,0
elsa-2018-4145,0,0,0,0,1,1,0,1,1,0
cve-2017-0084,0,0,0,0,1,1,0,0,0,1
cve-2018-8224,0,0,0,0,1,1,0,0,0,1
2017-0018-01,0,0,0,0,1,1,0,1,0,1
cve-2015-1730,0,0,0,0,1,1,3,4,0,4
cve-2016-7270,0,0,0,0,1,1,0,0,0,1
sl5.x,0,0,1,0,0,1,5,6,6,0
sl6.x,0,0,1,0,0,1,14,13,15,0
i386,0,0,1,0,0,1,12,12,13,0
1.2,0,0,1,0,0,1,28,13,13,16
cve-2016-5207,0,0,0,0,2,2,0,1,1,2
vulnerability23,0,0,0,1,0,1,0,1,1,0
erpscan-17-006,0,0,0,0,1,1,0,1,0,1
smb,0,1,0,0,0,1,19,1,13,7
cve-2017-0143,0,0,0,0,1,1,0,0,0,1
4.6.0,0,0,1,0,0,1,2,1,1,2
cve-2017-0083,0,0,0,0,1,1,0,0,0,1
cve-2017-5538,0,0,0,0,1,1,0,1,1,0
cve-2016-9956,0,0,0,0,1,1,0,1,1,0
flightgear,0,1,0,0,0,1,0,1,1,0
commands,0,0,0,1,0,1,4,4,4,1
weblogic,0,1,0,0,0,1,4,4,1,1
10.3,0,0,1,0,0,1,2,1,2,0
full,0,0,0,1,0,1,31,5,5,24
drive-by,0,0,0,1,0,1,4,4,4,2
2018-1967-01,0,0,0,0,1,1,0,1,0,1
6.10.3,0,0,1,0,0,1,0,0,1,0
suse-su-2016:3209-1,0,0,0,0,1,1,0,1,0,0
usn-3690-1,0,0,0,0,1,1,0,0,1,0
cve-2016-8006,0,0,0,0,1,1,0,0,0,1
cve-2017-2997,0,0,0,0,1,1,0,0,0,1
exploitable,0,0,0,1,0,1,7,7,4,7
underflow,0,0,0,1,0,1,0,0,0,1
cve-2017-0315,0,0,0,0,1,1,0,0,0,1
ms15-05,0,0,0,0,1,1,0,1,0,1
cve-2016-5184,0,0,0,0,1,1,0,1,1,1
cesa-2018-1957,0,0,0,0,1,1,0,1,1,0
viewer,0,1,0,0,0,1,3,1,2,2
suse-su-2016:2938-1,0,0,0,0,1,1,0,1,0,0
elsa-2018-1852,0,0,0,0,1,1,0,1,0,0
usn-3170-2,0,0,0,0,1,1,0,1,1,0
elsa-2018-1929,0,0,0,0,1,1,0,1,0,0
3767-1,0,0,0,0,1,1,0,1,1,0
cve-2017-0033,0,0,0,0,1,1,0,0,0,1
netfilter,0,1,0,0,0,1,0,1,1,0
subsystem,0,1,0,0,0,1,2,2,3,1
ms16-002,0,0,0,0,1,1,0,0,0,1
ovmsa-2017-0046,0,0,0,0,1,1,0,1,0,0
suse-su-2017:0210-1,0,0,0,0,1,1,0,1,0,0
cve-2017-0119,0,0,0,0,1,1,0,0,0,1
elsa-2017-0252,0,0,0,0,1,1,0,1,1,0
cve-2016-5212,0,0,0,0,1,1,0,0,0,1
cve-2016-9579,0,0,0,0,1,1,0,0,0,1
55.0.2883.84,0,0,1,0,0,1,0,1,1,1
